Index,Smiles,Type,Type_Index,Sites,conf_id,G/Hatree
0,Oc1ccc2ccccc2c1-c1c(O)ccc2ccccc12,Binol,0,0 13,0,-920.1839287
1,COc1cc2ccccc2c(-c2c(O)c(OC)cc3ccccc23)c1O,Binol,1,13 25,0,-1149.000246
2,Cc1cc2ccccc2c(-c2c(O)c(C)cc3ccccc23)c1O,Binol,2,12 23,0,-998.7155767
3,CC(C)c1cc2ccccc2c(-c2c(O)c(C(C)C)cc3ccccc23)c1O,Binol,3,14 27,0,-1155.752613
4,Oc1c(Cl)cc2ccccc2c1-c1c(O)c(Cl)cc2ccccc12,Binol,4,0 14,0,-1839.144697
5,Oc1c(Br)cc2ccccc2c1-c1c(O)c(Br)cc2ccccc12,Binol,5,0 14,0,-6066.753052
6,Oc1c(F)cc2ccccc2c1-c1c(O)c(F)cc2ccccc12,Binol,6,0 14,0,-1118.512438
7,Oc1c(C(F)(F)F)cc2ccccc2c1-c1c(O)c(C(F)(F)F)cc2ccccc12,Binol,7,0 17,0,-1593.773555
8,N#Cc1cc2ccccc2c(-c2c(O)c(C#N)cc3ccccc23)c1O,Binol,8,13 25,0,-1104.543017
9,CC(=O)c1cc2ccccc2c(-c2c(O)c(C(C)=O)cc3ccccc23)c1O,Binol,9,14 27,0,-1225.211929
10,O=Cc1cc2ccccc2c(-c2c(O)c(C=O)cc3ccccc23)c1O,Binol,10,13 25,0,-1146.66686
11,COC(=O)c1cc2ccccc2c(-c2c(O)c(C(=O)OC)cc3ccccc23)c1O,Binol,11,15 29,0,-1375.556306
12,Oc1c(-n2ccnc2)cc2ccccc2c1-c1c(O)c(-n2ccnc2)cc2ccccc12,Binol,12,0 18,0,-1369.82488
13,C[Si](C)(C)c1cc2ccccc2c(-c2c(O)c([Si](C)(C)C)cc3ccccc23)c1O,Binol,13,15 29,3,-1737.053674
14,COC(c1ccccc1)(c1ccccc1)c1cc2ccccc2c(-c2c(O)c(C(OC)(c3ccccc3)c3ccccc3)cc3ccccc23)c1O,Binol,14,26 51,0,-2150.83547
15,COCCc1cc2ccccc2c(-c2c(O)c(CCOC)cc3ccccc23)c1O,Binol,15,15 29,0,-1306.042002
16,Oc1c(-c2ccccn2)cc2ccccc2c1-c1c(O)c(-c2ccccn2)cc2ccccc12,Binol,16,0 19,0,-1413.94326
17,Oc1c(-c2ccc3ccccc3n2)cc2ccccc2c1-c1c(O)c(-c2ccc3ccccc3n2)cc2ccccc12,Binol,17,0 23,0,-1720.957236
18,Oc1c([Si](c2ccccc2)(c2ccccc2)c2ccccc2)cc2ccccc2c1-c1c(O)c([Si](c2ccccc2)(c2ccccc2)c2ccccc2)cc2ccccc12,Binol,18,0 32,2,-2886.458692
19,Oc1c(-c2ccccc2)cc2ccccc2c1-c1c(O)c(-c2ccccc2)cc2ccccc12,Binol,19,0 19,1,-1381.852032
20,COc1ccc(-c2cc3ccccc3c(-c3c(O)c(-c4ccc(OC)cc4)cc4ccccc34)c2O)cc1,Binol,20,17 35,0,-1610.674271
21,Cc1cc(C)c(-c2cc3ccccc3c(-c3c(O)c(-c4c(C)cc(C)cc4C)cc4ccccc34)c2O)c(C)c1,Binol,21,17 36,0,-1617.439452
22,CC(C)c1cc(C(C)C)c(-c2cc3ccccc3c(-c3c(O)c(-c4c(C(C)C)cc(C(C)C)cc4C(C)C)cc4ccccc34)c2O)c(C(C)C)c1,Binol,22,21 46,0,-2088.557154
23,CC(C)(C)c1cc(-c2cc3ccccc3c(-c3c(O)c(-c4cc(C(C)(C)C)cc(C(C)(C)C)c4)cc4ccccc34)c2O)cc(C(C)(C)C)c1,Binol,23,18 42,2,-2010.013435
24,Oc1c(-c2cc(C(F)(F)F)cc(C(F)(F)F)c2)cc2ccccc2c1-c1c(O)c(-c2cc(C(F)(F)F)cc(C(F)(F)F)c2)cc2ccccc12,Binol,24,0 23,0,-2729.04535
25,Oc1c(-c2ccc3ccccc3c2)cc2ccccc2c1-c1c(O)c(-c2ccc3ccccc3c2)cc2ccccc12,Binol,25,0 23,2,-1688.860782
26,Oc1c(-c2cccc3ccccc23)cc2ccccc2c1-c1c(O)c(-c2cccc3ccccc23)cc2ccccc12,Binol,26,0 23,0,-1688.858756
27,Oc1c(-c2c(F)c(F)c(F)c(F)c2F)cc2ccccc2c1-c1c(O)c(-c2c(F)c(F)c(F)c(F)c2F)cc2ccccc12,Binol,27,0 24,0,-2373.4957
28,COc1ccc(C(C)(C)C)cc1-c1cc2ccccc2c(-c2c(O)c(-c3cc(C(C)(C)C)ccc3OC)cc3ccccc23)c1O,Binol,28,23 45,0,-1924.757447
29,Cc1cc(C)cc(-c2cc3ccccc3c(-c3c(O)c(-c4cc(C)cc(C)c4)cc4ccccc34)c2O)c1,Binol,29,18 36,1,-1538.916252
30,Oc1c(-c2ccc(-c3ccccc3)cc2)cc2ccccc2c1-c1c(O)c(-c2ccc(-c3ccccc3)cc2)cc2ccccc12,Binol,30,0 25,0,-1843.52349
31,COc1ccc2c(-c3c(O)ccc4cc(OC)ccc34)c(O)ccc2c1,Binol,31,9 21,0,-1149.006099
32,Oc1ccc2cc(OCc3ccccc3)ccc2c1-c1c(O)ccc2cc(OCc3ccccc3)ccc12,Binol,32,0 21,0,-1610.670859
33,CC(=O)Oc1ccc2c(-c3c(O)ccc4cc(OC(C)=O)ccc34)c(O)ccc2c1,Binol,33,11 25,0,-1375.545856
34,Cc1ccc2c(-c3c(O)ccc4cc(C)ccc34)c(O)ccc2c1,Binol,34,8 19,0,-998.7134764
35,CC(C)c1ccc2c(-c3c(O)ccc4cc(C(C)C)ccc34)c(O)ccc2c1,Binol,35,10 23,0,-1155.752048
36,CCCCc1ccc2c(-c3c(O)ccc4cc(CCCC)ccc34)c(O)ccc2c1,Binol,36,11 25,0,-1234.271879
37,Oc1ccc2cc(Br)ccc2c1-c1c(O)ccc2cc(Br)ccc12,Binol,37,0 14,0,-6066.759379
38,Oc1ccc2cc(F)ccc2c1-c1c(O)ccc2cc(F)ccc12,Binol,38,0 14,0,-1118.525144
39,O=Cc1ccc2c(-c3c(O)ccc4cc(C=O)ccc34)c(O)ccc2c1,Binol,39,9 21,0,-1146.663939
40,COC(=O)c1ccc2c(-c3c(O)ccc4cc(C(=O)OC)ccc34)c(O)ccc2c1,Binol,40,11 25,0,-1375.549197
41,N#Cc1ccc2c(-c3c(O)ccc4cc(C#N)ccc34)c(O)ccc2c1,Binol,41,9 21,0,-1104.549444
42,CCOP(=O)(OCC)c1ccc2c(-c3c(O)ccc4cc(P(=O)(OCC)OCC)ccc34)c(O)ccc2c1,Binol,42,15 33,0,-2369.098671
43,Oc1ccc2c(-c3c(O)ccc4cc(O)ccc34)c(O)ccc2c1,Binol,43,8 19,0,-1070.4977
44,COc1ccc(-c2ccc3c(-c4c(O)ccc5cc(-c6ccc(OC)cc6)ccc45)c(O)ccc3c2)cc1,Binol,44,13 31,0,-1610.677244
45,Oc1ccc2cc(-c3ccccc3)ccc2c1-c1c(O)ccc2cc(-c3ccccc3)ccc12,Binol,45,0 19,1,-1381.855284
46,Cc1ccc(-c2ccc3c(-c4c(O)ccc5cc(-c6ccc(C)cc6)ccc45)c(O)ccc3c2)cc1,Binol,46,12 29,0,-1460.386859
47,CC(C)(C)c1cc(-c2ccc3c(-c4c(O)ccc5cc(-c6cc(C(C)(C)C)cc(C(C)(C)C)c6)ccc45)c(O)ccc3c2)cc(C(C)(C)C)c1,Binol,47,14 38,0,-2010.021302
48,Oc1ccc2cc(-c3cc(C(F)(F)F)cc(C(F)(F)F)c3)ccc2c1-c1c(O)ccc2cc(-c3cc(C(F)(F)F)cc(C(F)(F)F)c3)ccc12,Binol,48,0 27,3,-2729.046929
49,Oc1ccc2cc(-c3ccc(F)cc3)ccc2c1-c1c(O)ccc2cc(-c3ccc(F)cc3)ccc12,Binol,49,0 20,1,-1580.197539
50,Oc1ccc2cc(-c3ccc(Cl)cc3)ccc2c1-c1c(O)ccc2cc(-c3ccc(Cl)cc3)ccc12,Binol,50,0 20,0,-2300.8234
51,COc1ccc2ccc(O)c(-c3c(O)ccc4ccc(OC)cc34)c2c1,Binol,51,9 13,0,-1149.010992
52,CCCCOc1ccc2ccc(O)c(-c3c(O)ccc4ccc(OCCCC)cc34)c2c1,Binol,52,12 16,0,-1384.582003
53,C=CCOc1ccc2ccc(O)c(-c3c(O)ccc4ccc(OCC=C)cc34)c2c1,Binol,53,11 15,0,-1303.638549
54,COCOc1ccc2ccc(O)c(-c3c(O)ccc4ccc(OCOC)cc34)c2c1,Binol,54,11 15,0,-1377.83906
55,CC(C)(C)[Si](C)(C)Oc1ccc2ccc(O)c(-c3c(O)ccc4ccc(O[Si](C)(C)C(C)(C)C)cc34)c2c1,Binol,55,15 19,0,-2123.007961
56,Cc1ccc2ccc(O)c(-c3c(O)ccc4ccc(C)cc34)c2c1,Binol,56,8 12,0,-998.7145586
57,CC(C)c1ccc2ccc(O)c(-c3c(O)ccc4ccc(C(C)C)cc34)c2c1,Binol,57,10 14,0,-1155.75372
58,Oc1ccc2ccc(Br)cc2c1-c1c(O)ccc2ccc(Br)cc12,Binol,58,0 14,0,-6066.762248
59,Oc1ccc2ccc(OCc3ccccc3)cc2c1-c1c(O)ccc2ccc(OCc3ccccc3)cc12,Binol,59,0 21,0,-1610.686334
60,Oc1ccc2ccc(-c3ccccc3)cc2c1-c1c(O)ccc2ccc(-c3ccccc3)cc12,Binol,60,0 19,0,-1381.857238
61,Oc1cc(Br)c2ccccc2c1-c1c(O)cc(Br)c2ccccc12,Binol,61,0 14,0,-6066.75704
62,Oc1cc(C2CCCCC2)c2ccccc2c1-c1c(O)cc(C2CCCCC2)c2ccccc12,Binol,62,0 19,0,-1388.945446
63,Oc1cc(-c2ccccc2)c2ccccc2c1-c1c(O)cc(-c2ccccc2)c2ccccc12,Binol,63,0 19,0,-1381.850264
64,C[Si](C)(C)c1cc(O)c(-c2c(O)cc([Si](C)(C)C)c3ccccc23)c2ccccc12,Binol,64,7 11,0,-1737.040478
65,N#Cc1cc(O)c(-c2c(O)cc(C#N)c3ccccc23)c2ccccc12,Binol,65,5 9,0,-1104.546631
66,COc1ccc(-c2cc(O)c(-c3c(O)cc(-c4ccc(OC)cc4)c4ccccc34)c3ccccc23)cc1,Binol,66,9 13,0,-1610.672436
67,Oc1cc(-c2ccc(C(F)(F)F)cc2)c2ccccc2c1-c1c(O)cc(-c2ccc(C(F)(F)F)cc2)c2ccccc12,Binol,67,0 23,0,-2055.447366
68,Oc1ccc2c(Br)cccc2c1-c1c(O)ccc2c(Br)cccc12,Binol,68,0 14,0,-6066.758679
69,Oc1ccc2c(-c3ccccc3)cccc2c1-c1c(O)ccc2c(-c3ccccc3)cccc12,Binol,69,0 19,0,-1381.850491
70,Oc1c(-c2c(-c3ccccc3)cc3ccccc3c2O)c(-c2ccccc2)cc2ccccc12,Binol,70,0 19,0,-1381.859158
71,COc1cc2c(-c3c(O)ccc4cc(Br)c(OC)cc34)c(O)ccc2cc1Br,Binol,71,8 21,0,-6295.581545
72,COC(=O)c1cc2cc(Br)ccc2c(-c2c(O)c(C(=O)OC)cc3cc(Br)ccc23)c1O,Binol,72,16 31,0,-6522.116435
73,O=Cc1cc2cc(Br)ccc2c(-c2c(O)c(C=O)cc3cc(Br)ccc23)c1O,Binol,73,14 27,0,-6293.249219
75,Oc1c(-c2ccccc2)cc2cc(Br)ccc2c1-c1c(O)c(-c2ccccc2)cc2cc(Br)ccc12,Binol,75,0 20,1,-6528.423245
76,Oc1c(-c2ccc(F)cc2)cc2cc(Br)ccc2c1-c1c(O)c(-c2ccc(F)cc2)cc2cc(Br)ccc12,Binol,76,0 21,1,-6726.77
77,CC(C)(C)c1ccc2c(-c3c(O)c(Br)cc4cc(C(C)(C)C)ccc34)c(O)c(Br)cc2c1,Binol,77,11 26,2,-6380.836536
78,Oc1c(Br)cc2ccc(OCc3ccccc3)cc2c1-c1c(O)c(Br)cc2ccc(OCc3ccccc3)cc12,Binol,78,0 22,0,-6757.255581
79,COC(=O)c1ccc2c(-c3c(O)c(C(=O)OC)cc4cc(C(=O)OC)ccc34)c(O)c(C(=O)OC)cc2c1,Binol,79,11 29,0,-1830.922276
80,C#Cc1ccc2c(-c3c(O)c(C=O)cc4cc(C#C)ccc34)c(O)c(C=O)cc2c1,Binol,80,9 23,0,-1298.853713
81,Oc1c(I)cc2cc(I)ccc2c1-c1c(O)c(I)cc2cc(I)ccc12,Binol,81,0 15,0,-2109.016912
82,Oc1c(I)cc2cc(C(F)(F)F)ccc2c1-c1c(O)c(I)cc2cc(C(F)(F)F)ccc12,Binol,82,0 18,0,-2188.194895
83,Cc1cc2ccc(O)c(-c3c(O)ccc4cc(C)c(C)cc34)c2cc1C,Binol,83,7 11,0,-1077.241267
84,Oc1ccc2c(F)c(F)c(F)c(F)c2c1-c1c(O)ccc2c(F)c(F)c(F)c(F)c12,Binol,84,0 17,0,-1713.487942
85,COc1ccc2c(-c3c(O)ccc4ccccc34)c(O)ccc2c1,Binol,85,9 19,0,-1034.595016
86,Cc1ccc2c(-c3c(O)ccc4ccccc34)c(O)ccc2c1,Binol,86,8 18,0,-959.4487071
87,Oc1ccc2ccccc2c1-c1c(O)ccc2cc(Br)ccc12,Binol,87,0 13,0,-3493.471766
88,COc1ccc(-c2ccc3c(-c4c(O)ccc5ccccc45)c(O)ccc3c2)cc1,Binol,88,13 23,1,-1265.430577
89,COC(=O)c1cc2ccccc2c(-c2c(O)ccc3ccccc23)c1O,Binol,89,15 25,0,-1147.86924
90,OCc1cc2ccccc2c(-c2c(O)ccc3ccccc23)c1O,Binol,90,13 23,0,-1034.594493
91,Oc1c(-c2c(O)c3ccccc3c3ccccc23)c2ccccc2c2ccccc12,Binol,91,0 5,0,-1227.19924
92,Oc1ccc2ccccc2c1-c1c(O)c(COCc2cc3ccccc3c(-c3c(O)ccc4ccccc34)c2O)cc2ccccc12,Binol,92,0 13,0,-1992.864885
93,Cc1cc2c(C(C)C)c(O)c(O)c(C=O)c2c(O)c1-c1c(C)cc2c(C(C)C)c(O)c(O)c(C=O)c2c1O,Binol,93,17 37,0,-1761.408276
95,Cc1cc2c(C(C)C)c(O)c(O)c(C=O)c2c(O)c1-c1c(C)cc2c(C(C)C)c(O)c(O)c(C=O)c2c1O,Binol,95,0 19,0,-1413.920557
96,Cc1cc2c(c(O)c1-c1c(C)cc3c(c1O)/C(=C\O)C(=O)C(O)=C3C(C)C)/C(=C\O)C(=O)C(O)=C2C(C)C,Binol,96,0 27,0,-1995.87302
97,Cc1cc2c(C(C)C)c3c(c(C=O)c2c(O)c1-c1c(C)cc2c(C(C)C)c4c(c(C=O)c2c1O)OCO4)OCO3,Binol,97,0 30,0,-3077.165094
98,Cc1cc2c(C(C)C)c(O)c(O)c(CO)c2c(O)c1-c1c(C)cc2c(C(C)C)c(O)c(O)c(CO)c2c1O,Binol,98,19 37,0,-1610.676161
99,C/N=C/c1c(O)c(O)c(C(C)C)c2cc(C)c(-c3c(C)cc4c(C(C)C)c(O)c(O)c(/C=N/C)c4c3O)c(O)c12,Binol,99,19 37,0,-1608.346863
108,Oc1ccc2ccccc2c1-c1c(O)c(-c2ccccc2)cc2ccccc12,Binol,108,0 13 ,0,-1151.017932
121,Oc1ccc2ccccc2c1-c1c(O)ccc2cc(-c3ccccc3)ccc12,Binol,121,0 13,1,-1151.019629
122,Oc1c(-c2ccc(Cl)cc2)cc2ccccc2c1-c1c(O)c(-c2ccc(Cl)cc2)cc2ccccc12,Binol,122,0 20,1,-2300.820508
123,Cc1ccc(-c2cc3ccccc3c(-c3c(O)c(-c4ccc(C)cc4)cc4ccccc34)c2O)cc1,Binol,123,16 33,1,-1460.3834
124,CC(C)(C)c1ccc(-c2cc3ccccc3c(-c3c(O)c(-c4ccc(C(C)(C)C)cc4)cc4ccccc34)c2O)cc1,Binol,124,19 39,0,-1695.934319
125,Oc1c(-c2ccc(-c3ccc4ccccc4c3)cc2)cc2ccccc2c1-c1c(O)c(-c2ccc(-c3ccc4ccccc4c3)cc2)cc2ccccc12,Binol,125,0 29,1,-2150.531823
126,Oc1c(-c2ccc(C3CCCCC3)cc2)cc2ccccc2c1-c1c(O)c(-c2ccc(C3CCCCC3)cc2)cc2ccccc12,Binol,126,0 25,0,-1850.594112
127,Oc1c(-c2cc(C(F)(F)F)cc(C(F)(F)F)c2)cc2ccccc2c1-c1c(O)c(-c2cc(C(F)(F)F)cc(C(F)(F)F)c2)cc2ccccc12,Binol,127,0 27,2,-2729.044836
128,Oc1c(-c2c3ccccc3cc3ccccc23)cc2ccccc2c1-c1c(O)c(-c2c3ccccc3cc3ccccc23)cc2ccccc12,Binol,128,0 27,1,-1995.854406
129,COc1cc(OC)cc(-c2cc3ccccc3c(-c3c(O)c(-c4cc(OC)cc(OC)c4)cc4ccccc34)c2O)c1,Binol,129,20 40,2,-1839.497565
130,Oc1c(-c2cc(F)cc(F)c2)cc2ccccc2c1-c1c(O)c(-c2cc(F)cc(F)c2)cc2ccccc12,Binol,130,0 21,0,-1778.535779
131,Oc1c(-c2ccc(C34C[C@H]5C[C@@H](C3)C[C@@H](C4)C5)cc2)cc2ccccc2c1-c1c(O)c(-c2ccc([C@]34C[C@H]5C[C@H](C[C@H](C5)C3)C4)cc2)cc2ccccc12,Binol,131,0 29,0,-2159.982649
132,CC(C)c1cc(-c2cc3ccccc3c(-c3c(O)c(-c4cc(C(C)C)cc(C(C)C)c4)cc4ccccc34)c2O)cc(C(C)C)c1,Binol,132,17 39,0,-1852.983322
133,CC(C)(C)c1cccc(-c2cc3ccccc3c(-c3c(O)c(-c4cccc(C(C)(C)C)c4)cc4ccccc34)c2O)c1,Binol,133,20 40,0,-1695.935488
134,C[Si](C)(C)c1cccc(-c2cc3ccccc3c(-c3c(O)c(-c4cccc([Si](C)(C)C)c4)cc4ccccc34)c2O)c1,Binol,134,20 40,1,-2198.71442
135,Oc1c(-c2cccc(-c3ccccc3)c2)cc2ccccc2c1-c1c(O)c(-c2cccc(-c3ccccc3)c2)cc2ccccc12,Binol,135,0 25,0,-1843.52423
136,CCCCCCc1cc(CCCCCC)cc(-c2cc3ccccc3c(-c3c(O)c(-c4cc(CCCCCC)cc(CCCCCC)c4)cc4ccccc34)c2O)c1,Binol,136,28 56,1,-2324.106986
137,Oc1c(-c2ccc3c(c2)CCCC3)cc2ccccc2c1-c1c(O)c(-c2ccc3c(c2)CCCC3)cc2ccccc12,Binol,137,0 23,3,-1693.585966
138,CC1(C)CCC(C)(C)c2cc(-c3cc4ccccc4c(-c4c(O)c(-c5ccc6c(c5)C(C)(C)CCC6(C)C)cc5ccccc45)c3O)ccc21,Binol,138,22 46,1,-2007.660349
139,CC1(C)c2ccccc2-c2ccc(-c3cc4ccccc4c(-c4c(O)c(-c5ccc6c(c5)C(C)(C)c5ccccc5-6)cc5ccccc45)c3O)cc21,Binol,139,24 49,0,-2076.740403
140,Oc1c(-c2ccc3c(c2)C2(CCCC2)c2ccccc2-3)cc2ccccc2c1-c1c(O)c(-c2ccc3c(c2)C2(CCCC2)c2ccccc2-3)cc2ccccc12,Binol,140,0 30,0,-2231.407385
141,CC(C)(C)c1ccc(-c2ccc(-c3cc4ccccc4c(-c4c(O)c(-c5ccc(-c6ccc(C(C)(C)C)cc6)cc5)cc5ccccc45)c3O)cc2)cc1,Binol,141,23 49,2,-2157.605648
142,Oc1c(-c2cc3ccccc3o2)cc2ccccc2c1-c1c(O)c(-c2cc3ccccc3o2)cc2ccccc12,Binol,142,0 22,0,-1684.487907
143,CCc1ccc(-c2cc3ccccc3c(-c3c(O)c(-c4ccc(CC)cc4)cc4ccccc34)c2O)cc1,Binol,143,17 35,0,-1538.897559
144,CC(C)c1ccc(-c2cc3ccccc3c(-c3c(O)c(-c4ccc(C(C)C)cc4)cc4ccccc34)c2O)cc1,Binol,144,18 37,0,-1617.417089
145,Cc1ccc(-c2cc3ccccc3c(-c3c(O)c(-c4ccc(C)cc4C)cc4ccccc34)c2O)c(C)c1,Binol,145,16 34,0,-1538.908562
146,CCCc1ccc(-c2cc3ccccc3c(-c3c(O)c(-c4ccc(CCC)cc4)cc4ccccc34)c2O)cc1,Binol,146,18 37,0,-1617.417607
147,CCCCc1ccc(-c2cc3ccccc3c(-c3c(O)c(-c4ccc(CCCC)cc4)cc4ccccc34)c2O)cc1,Binol,147,19 39,0,-1695.933565
148,CCCCCc1ccc(-c2cc3ccccc3c(-c3c(O)c(-c4ccc(CCCCC)cc4)cc4ccccc34)c2O)cc1,Binol,148,20 41,0,-1774.453501
149,CC(C)Cc1ccc(-c2cc3ccccc3c(-c3c(O)c(-c4ccc(CC(C)C)cc4)cc4ccccc34)c2O)cc1,Binol,149,19 39,0,-1695.936066
150,Oc1c(-c2ccc(CN3CCOCC3)cc2)cc2ccccc2c1-c1c(O)c(-c2ccc(CN3CCOCC3)cc2)cc2ccccc12,Binol,150,0 26,0,-2032.925174
151,CCC[C@H]1CC[C@H](c2ccc(-c3cc4ccccc4c(-c4c(O)c(-c5ccc([C@H]6CC[C@H](CCC)CC6)cc5)cc5ccccc45)c3O)cc2)CC1,Binol,151,22 47,0,-2086.155532
152,CCCCCOc1ccc(-c2cc3ccccc3c(-c3c(O)c(-c4ccc(OCCCCC)cc4)cc4ccccc34)c2O)cc1,Binol,152,21 43,0,-1924.754318
153,CC(C)(C)OC(=O)NCc1ccc(-c2cc3ccccc3c(-c3c(O)c(-c4ccc(CNC(=O)OC(C)(C)C)cc4)cc4ccccc34)c2O)cc1,Binol,153,24 49,0,-2261.921337
154,Cc1cccc(-c2cc3ccccc3c(-c3c(O)c(-c4cccc(C)c4C)cc4ccccc34)c2O)c1C,Binol,154,17 35,0,-1538.901407
155,Cc1ccc(C)c(-c2cc3ccccc3c(-c3c(O)c(-c4cc(C)ccc4C)cc4ccccc34)c2O)c1,Binol,155,18 36,0,-1538.910008
156,Cc1ccc(-c2cc3ccccc3c(-c3c(O)c(-c4ccc(C)c(C)c4)cc4ccccc34)c2O)cc1C,Binol,156,16 34,0,-1538.90366
157,COc1ccc(C)cc1-c1cc2ccccc2c(-c2c(O)c(-c3cc(C)ccc3OC)cc3ccccc23)c1O,Binol,157,20 39,0,-1689.200482
158,CC(C)c1cccc(-c2cc3ccccc3c(-c3c(O)c(-c4cccc(C(C)C)c4)cc4ccccc34)c2O)c1,Binol,158,19 38,0,-1617.417563
159,Oc1c(-c2ccc3c(c2)CCO3)cc2ccccc2c1-c1c(O)c(-c2ccc3c(c2)CCO3)cc2ccccc12,Binol,159,0 22,0,-1686.833985
160,COCc1ccccc1-c1cc2ccccc2c(-c2c(O)c(-c3ccccc3COC)cc3ccccc23)c1O,Binol,160,20 39,0,-1689.178943
161,COc1ccc(-c2cc3ccccc3c(-c3c(O)c(-c4ccc(OC)cc4OC)cc4ccccc34)c2O)c(OC)c1,Binol,161,17 37,0,-1839.492991
162,Oc1c(-c2ccc3c(c2)OCO3)cc2ccccc2c1-c1c(O)c(-c2ccc3c(c2)OCO3)cc2ccccc12,Binol,162,0 22,1,-1758.616725
163,Oc1c(-c2ccc3c(c2)OCCO3)cc2ccccc2c1-c1c(O)c(-c2ccc3c(c2)OCCO3)cc2ccccc12,Binol,163,0 23,2,-1837.146251
164,CC(C)(C)Oc1ccc(-c2cc3ccccc3c(-c3c(O)c(-c4ccc(OC(C)(C)C)cc4)cc4ccccc34)c2O)cc1,Binol,164,20 41,0,-1846.246784
165,Oc1c(-c2ccc(OCc3ccccc3)cc2)cc2ccccc2c1-c1c(O)c(-c2ccc(OCc3ccccc3)cc2)cc2ccccc12,Binol,165,0 27,2,-2072.338947
166,Oc1c(-c2cccc(Oc3ccccc3)c2)cc2ccccc2c1-c1c(O)c(-c2cccc(Oc3ccccc3)c2)cc2ccccc12,Binol,166,0 26,0,-1993.820294
167,CC(C)Oc1ccccc1-c1cc2ccccc2c(-c2c(O)c(-c3ccccc3OC(C)C)cc3ccccc23)c1O,Binol,167,21 41,0,-1767.727748
168,Oc1c(-c2cccc3c2OCC3)cc2ccccc2c1-c1c(O)c(-c2cccc3c2OCC3)cc2ccccc12,Binol,168,0 22,0,-1686.833819
169,Oc1c(-c2ccc(-c3cccc4ccccc34)cc2)cc2ccccc2c1-c1c(O)c(-c2ccc(-c3cccc4ccccc34)cc2)cc2ccccc12,Binol,169,0 29,0,-2150.520598
170,Oc1c(-c2ccc(-c3ccc(-c4ccccc4)cc3)cc2)cc2ccccc2c1-c1c(O)c(-c2ccc(-c3ccc(-c4ccccc4)cc3)cc2)cc2ccccc12,Binol,170,0 31,0,-2305.191433
171,Oc1c(-c2ccc(-c3cccc(-c4ccccc4)c3)cc2)cc2ccccc2c1-c1c(O)c(-c2ccc(-c3cccc(-c4ccccc4)c3)cc2)cc2ccccc12,Binol,171,0 31,0,-2305.189613
172,CCCCCc1ccc(-c2ccc(-c3cc4ccccc4c(-c4c(O)c(-c5ccc(-c6ccc(CCCCC)cc6)cc5)cc5ccccc45)c3O)cc2)cc1,Binol,172,24 51,0,-2236.123066
173,CC(C)(C)OC(=O)N1CCC(c2ccc(-c3cc4ccccc4c(-c4c(O)c(-c5ccc(C6CCN(C(=O)OC(C)(C)C)CC6)cc5)cc5ccccc45)c3O)cc2)CC1,Binol,173,26 55,0,-2573.640974
174,CC1(C)c2ccccc2-c2cc(-c3cc4ccccc4c(-c4c(O)c(-c5ccc6c(c5)-c5ccccc5C6(C)C)cc5ccccc45)c3O)ccc21,Binol,174,23 48,0,-2076.741782
175,Oc1c(-c2ccc3c(c2)oc2ccccc23)cc2ccccc2c1-c1c(O)c(-c2ccc3c(c2)oc2ccccc23)cc2ccccc12,Binol,175,0 26,1,-1991.498302
176,Oc1c(-c2ccc3ccoc3c2)cc2ccccc2c1-c1c(O)c(-c2ccc3ccoc3c2)cc2ccccc12,Binol,176,0 22,0,-1684.468387
177,CC[Si](CC)(CC)c1cc2ccccc2c(-c2c(O)c([Si](CC)(CC)CC)cc3ccccc23)c1O,Binol,177,18 35,0,-1972.595307
178,CC(C)[Si](C)(C)c1cc2ccccc2c(-c2c(O)c([Si](C)(C)C(C)C)cc3ccccc23)c1O,Binol,178,17 33,0,-1894.086041
179,C[Si](C)(c1ccccc1)c1cc2ccccc2c(-c2c(O)c([Si](C)(C)c3ccccc3)cc3ccccc23)c1O,Binol,179,20 39,0,-2120.189402
180,C[Si](C)(Cc1ccccc1)c1cc2ccccc2c(-c2c(O)c([Si](C)(C)Cc3ccccc3)cc3ccccc23)c1O,Binol,180,21 41,0,-2198.722996
181,CC(C)(C)[Si](C)(C)c1cc2ccccc2c(-c2c(O)c([Si](C)(C)C(C)(C)C)cc3ccccc23)c1O,Binol,181,18 35,1,-1972.602693
182,CCC[Si](C)(C)c1cc2ccccc2c(-c2c(O)c([Si](C)(C)CCC)cc3ccccc23)c1O,Binol,182,17 33,0,-1894.089556
183,CC(C)[Si](C)(C)c1cc2ccccc2c(-c2c(O)c([Si](C)(C)C(C)C)cc3ccccc23)c1O,Binol,183,17 33,1,-1894.08611
184,C[Si](C)(c1cc2ccccc2c(-c2c(O)c([Si](C)(C)C3CCCCC3)cc3ccccc23)c1O)C1CCCCC1,Binol,184,14 33,0,-2127.27887
185,CC(C)C[Si](C)(C)c1cc2ccccc2c(-c2c(O)c([Si](C)(C)CC(C)C)cc3ccccc23)c1O,Binol,185,18 35,0,-1972.611915
186,C=C[Si](C)(C)c1cc2ccccc2c(-c2c(O)c([Si](C)(C)C=C)cc3ccccc23)c1O,Binol,186,16 31,1,-1813.14691
187,CC(C)C(C)(C)[Si](C)(C)c1cc2ccccc2c(-c2c(O)c([Si](C)(C)C(C)(C)C(C)C)cc3ccccc23)c1O,Binol,187,20 39,1,-2129.628685
189,CCCC[Si](C)(C)c1cc2ccccc2c(-c2c(O)c([Si](C)(C)CCCC)cc3ccccc23)c1O,Binol,189,18 35,0,-1972.609382
190,CCC[Si](CCC)(CCC)c1cc2ccccc2c(-c2c(O)c([Si](CCC)(CCC)CCC)cc3ccccc23)c1O,Binol,190,21 41,0,-2208.157263
191,Oc1c(-c2ccco2)cc2ccccc2c1-c1c(O)c(-c2ccco2)cc2ccccc12,Binol,191,0 18,0,-1377.464053
192,Oc1c(-c2ccoc2)cc2ccccc2c1-c1c(O)c(-c2ccoc2)cc2ccccc12,Binol,192,0 18,0,-1377.455526
193,Cc1ccccc1-c1cc2ccccc2c(-c2c(O)c(-c3ccccc3C)cc3ccccc23)c1O,Binol,193,18 35,0,-1460.380926
194,Cc1cccc(-c2cc3ccccc3c(-c3c(O)c(-c4cccc(C)c4)cc4ccccc34)c2O)c1,Binol,194,17 34,1,-1460.384011
196,C=Cc1cccc(-c2cc3ccccc3c(-c3c(O)c(-c4cccc(C=C)c4)cc4ccccc34)c2O)c1,Binol,196,18 36,0,-1536.49002
197,C=Cc1ccc(-c2cc3ccccc3c(-c3c(O)c(-c4ccc(C=C)cc4)cc4ccccc34)c2O)cc1,Binol,197,17 35,1,-1536.490484
198,Oc1c(-c2ccc3c(c2)CC3)cc2ccccc2c1-c1c(O)c(-c2ccc3c(c2)CC3)cc2ccccc12,Binol,198,0 21,0,-1536.447126
199,CCc1cccc(-c2cc3ccccc3c(-c3c(O)c(-c4cccc(CC)c4)cc4ccccc34)c2O)c1,Binol,199,18 36,0,-1538.901108
200,COc1cccc(-c2cc3ccccc3c(-c3c(O)c(-c4cccc(OC)c4)cc4ccccc34)c2O)c1,Binol,200,18 36,2,-1610.675208
201,Oc1c(-c2ccc3occc3c2)cc2ccccc2c1-c1c(O)c(-c2ccc3occc3c2)cc2ccccc12,Binol,201,0 22,2,-1684.467731
202,Oc1c(-c2ccc3c(c2)CCC3)cc2ccccc2c1-c1c(O)c(-c2ccc3c(c2)CCC3)cc2ccccc12,Binol,202,0 22,2,-1615.053938
203,Oc1c(-c2ccc(C3CC3)cc2)cc2ccccc2c1-c1c(O)c(-c2ccc(C3CC3)cc2)cc2ccccc12,Binol,203,0 22,2,-1614.982814
204,Oc1c(-c2cccc(C3CC3)c2)cc2ccccc2c1-c1c(O)c(-c2cccc(C3CC3)c2)cc2ccccc12,Binol,204,0 22,1,-1614.983592
205,Oc1c(-c2ccccc2C2CC2)cc2ccccc2c1-c1c(O)c(-c2ccccc2C2CC2)cc2ccccc12,Binol,205,0 22,0,-1614.980836
206,CC(C)c1ccc(-c2cc3ccccc3c(-c3c(O)c(-c4ccc(C(C)C)cc4)cc4ccccc34)c2O)cc1,Binol,206,18 37,0,-1617.420176
207,CC(C)c1cccc(-c2cc3ccccc3c(-c3c(O)c(-c4cccc(C(C)C)c4)cc4ccccc34)c2O)c1,Binol,207,19 38,1,-1617.420651
208,CC(C)c1ccccc1-c1cc2ccccc2c(-c2c(O)c(-c3ccccc3C(C)C)cc3ccccc23)c1O,Binol,208,20 39,0,-1617.419999
209,Oc1c(-c2cccc3c2OCO3)cc2ccccc2c1-c1c(O)c(-c2cccc3c2OCO3)cc2ccccc12,Binol,209,0 22,0,-1758.617466
210,CCOc1ccccc1-c1cc2ccccc2c(-c2c(O)c(-c3ccccc3OCC)cc3ccccc23)c1O,Binol,210,20 39,0,-1689.203908
211,CCOc1cccc(-c2cc3ccccc3c(-c3c(O)c(-c4cccc(OCC)c4)cc4ccccc34)c2O)c1,Binol,211,19 38,1,-1689.201987
212,CCOc1ccc(-c2cc3ccccc3c(-c3c(O)c(-c4ccc(OCC)cc4)cc4ccccc34)c2O)cc1,Binol,212,18 37,1,-1689.200431
213,COc1cc(-c2cc3ccccc3c(-c3c(O)c(-c4ccc(C)c(OC)c4)cc4ccccc34)c2O)ccc1C,Binol,213,16 35,1,-1689.205979
214,COCc1ccc(-c2cc3ccccc3c(-c3c(O)c(-c4ccc(COC)cc4)cc4ccccc34)c2O)cc1,Binol,214,18 37,1,-1689.182119
215,COc1c(C)cccc1-c1cc2ccccc2c(-c2c(O)c(-c3cccc(C)c3OC)cc3ccccc23)c1O,Binol,215,20 39,0,-1689.198873
216,COCc1cccc(-c2cc3ccccc3c(-c3c(O)c(-c4cccc(COC)c4)cc4ccccc34)c2O)c1,Binol,216,19 38,0,-1689.182791
217,Oc1c(-c2cccc(OC3CC3)c2)cc2ccccc2c1-c1c(O)c(-c2cccc(OC3CC3)c2)cc2ccccc12,Binol,217,0 23,0,-1765.283691
218,Oc1c(-c2ccc(OC3CC3)cc2)cc2ccccc2c1-c1c(O)c(-c2ccc(OC3CC3)cc2)cc2ccccc12,Binol,218,0 23,0,-1765.282217
219,Oc1c(-c2ccccc2OC2CC2)cc2ccccc2c1-c1c(O)c(-c2ccccc2OC2CC2)cc2ccccc12,Binol,219,0 23,0,-1765.286749
221,Oc1c(-c2cccc3c2OCCC3)cc2ccccc2c1-c1c(O)c(-c2cccc3c2OCCC3)cc2ccccc12,Binol,221,0 23,0,-1765.371976
222,Oc1c(-c2ccc(C3COC3)cc2)cc2ccccc2c1-c1c(O)c(-c2ccc(C3COC3)cc2)cc2ccccc12,Binol,222,0 23,2,-1765.279706
223,Oc1c(-c2cccc3c2OCCO3)cc2ccccc2c1-c1c(O)c(-c2cccc3c2OCCO3)cc2ccccc12,Binol,223,0 23,0,-1837.148893
224,CCCCOc1cccc(-c2cc3ccccc3c(-c3c(O)c(-c4cccc(OCCCC)c4)cc4ccccc34)c2O)c1,Binol,224,21 42,1,-1846.240357
225,COc1c(C)cc(-c2cc3ccccc3c(-c3c(O)c(-c4cc(C)c(OC)c(C)c4)cc4ccccc34)c2O)cc1C,Binol,225,18 38,0,-1767.725462
226,COc1c(C)cc(-c2cc3ccccc3c(-c3c(O)c(-c4cc(C)c(OC)c(C)c4)cc4ccccc34)c2O)cc1C,Binol,226,18 38,0,-1767.725436
227,CC(C)Oc1cccc(-c2cc3ccccc3c(-c3c(O)c(-c4cccc(OC(C)C)c4)cc4ccccc34)c2O)c1,Binol,227,20 40,0,-1767.732576
228,CCOc1ccc(-c2cc3ccccc3c(-c3c(O)c(-c4ccc(OCC)cc4C)cc4ccccc34)c2O)c(C)c1,Binol,228,18 38,0,-1767.726754
229,CCCOc1ccccc1-c1cc2ccccc2c(-c2c(O)c(-c3ccccc3OCCC)cc3ccccc23)c1O,Binol,229,21 41,0,-1767.726437
230,COc1ccc(-c2cc3ccccc3c(-c3c(O)c(-c4ccc(OC)cc4OC)cc4ccccc34)c2O)c(OC)c1,Binol,230,17 37,1,-1839.49644
231,CCSc1ccc(-c2cc3ccccc3c(-c3c(O)c(-c4ccc(SCC)cc4)cc4ccccc34)c2O)cc1,Binol,231,18 37,1,-2335.06747
232,CCCCCc1ccc(-c2cc3ccccc3c(-c3c(O)c(-c4ccc(CCCCC)cc4)cc4ccccc34)c2O)cc1,Binol,232,20 41,2,-1774.459692
233,Oc1c(-c2ccc3c(c2)OCCCO3)cc2ccccc2c1-c1c(O)c(-c2ccc3c(c2)OCCCO3)cc2ccccc12,Binol,233,0 24,1,-1915.652977
234,CCCCOc1ccc(-c2cc3ccccc3c(-c3c(O)c(-c4ccc(OCCCC)cc4)cc4ccccc34)c2O)cc1,Binol,234,20 41,1,-1846.241945
235,CC(C)COc1ccc(-c2cc3ccccc3c(-c3c(O)c(-c4ccc(OCC(C)C)cc4)cc4ccccc34)c2O)cc1,Binol,235,20 41,1,-1846.243896
236,COCCCc1ccc(-c2cc3ccccc3c(-c3c(O)c(-c4ccc(CCCOC)cc4)cc4ccccc34)c2O)cc1,Binol,236,20 41,0,-1846.222203
237,CC(C)(C)Oc1ccc(-c2cc3ccccc3c(-c3c(O)c(-c4ccc(OC(C)(C)C)cc4)cc4ccccc34)c2O)cc1,Binol,237,20 41,1,-1846.247136
238,CCCCOc1cccc(-c2cc3ccccc3c(-c3c(O)c(-c4cccc(OCCCC)c4)cc4ccccc34)c2O)c1,Binol,238,21 42,0,-1846.242126
240,COCCOc1cccc(-c2cc3ccccc3c(-c3c(O)c(-c4cccc(OCCOC)c4)cc4ccccc34)c2O)c1,Binol,240,21 42,1,-1918.006432
241,Oc1c(-c2cc(C3CC3)cc(C3CC3)c2)cc2ccccc2c1-c1c(O)c(-c2cc(C3CC3)cc(C3CC3)c2)cc2ccccc12,Binol,241,0 25,0,-1848.114079
242,CCCCCCc1ccc(-c2cc3ccccc3c(-c3c(O)c(-c4ccc(CCCCCC)cc4)cc4ccccc34)c2O)cc1,Binol,242,21 43,0,-1852.971162
243,CCCOc1c(C)cc(-c2cc3ccccc3c(-c3c(O)c(-c4cc(C)c(OCCC)c(C)c4)cc4ccccc34)c2O)cc1C,Binol,243,20 42,0,-1924.776494
244,COCCCOc1ccc(-c2cc3ccccc3c(-c3c(O)c(-c4ccc(OCCCOC)cc4)cc4ccccc34)c2O)cc1,Binol,244,21 43,0,-1996.525799
245,CC(C)(C)Sc1ccc(-c2cc3ccccc3c(-c3c(O)c(-c4ccc(SC(C)(C)C)cc4)cc4ccccc34)c2O)cc1,Binol,245,20 41,1,-2492.113889
246,Oc1c(-c2ccc(Cc3ccccc3)cc2)cc2ccccc2c1-c1c(O)c(-c2ccc(Cc3ccccc3)cc2)cc2ccccc12,Binol,246,0 26,1,-1922.040186
247,Cc1ccc(-c2ccc(-c3cc4ccccc4c(-c4c(O)c(-c5ccc(-c6ccc(C)cc6)cc5)cc5ccccc45)c3O)cc2)cc1,Binol,247,20 43,0,-1922.05517
248,Oc1c(-c2ccc(Oc3ccccc3)cc2)cc2ccccc2c1-c1c(O)c(-c2ccc(Oc3ccccc3)cc2)cc2ccccc12,Binol,248,0 26,0,-1993.825478
249,Oc1c(-c2cccc(Oc3ccccc3)c2)cc2ccccc2c1-c1c(O)c(-c2cccc(Oc3ccccc3)c2)cc2ccccc12,Binol,249,0 26,0,-1993.827954
250,Oc1c(-c2ccc(OC3CCCCC3)cc2)cc2ccccc2c1-c1c(O)c(-c2ccc(OC3CCCCC3)cc2)cc2ccccc12,Binol,250,0 26,3,-2000.928808
251,CCCCCCOc1cc2ccccc2c(-c2c(O)c(OCCCCCC)cc3ccccc23)c1O,Binol,251,18 35,0,-1541.610278
252,COc1ccc(-c2ccc(-c3cc4ccccc4c(-c4c(O)c(-c5ccc(-c6ccc(OC)cc6)cc5)cc5ccccc45)c3O)cc2)cc1,Binol,252,21 45,1,-2072.345488
253,COc1cc(-c2ccccc2)cc(-c2cc3ccccc3c(-c3c(O)c(-c4cc(OC)cc(-c5ccccc5)c4)cc4ccccc34)c2O)c1,Binol,253,24 48,0,-2072.343682
254,Oc1c(-c2ccc(OCC3CCCCO3)cc2)cc2ccccc2c1-c1c(O)c(-c2ccc(OCC3CCCCO3)cc2)cc2ccccc12,Binol,254,0 27,0,-2151.201484
255,CCCc1ccc(-c2ccc(-c3cc4ccccc4c(-c4c(O)c(-c5ccc(-c6ccc(CCC)cc6)cc5)cc5ccccc45)c3O)cc2)cc1,Binol,255,22 47,0,-2079.088698
256,Oc1c(-c2cccc3c2CCC3)cc2ccccc2c1-c1c(O)c(-c2cccc3c2CCC3)cc2ccccc12,Binol,256,0 22,0,-1615.052987
257,Oc1c(-c2ccc3c(c2)COC3)cc2ccccc2c1-c1c(O)c(-c2ccc3c(c2)COC3)cc2ccccc12,Binol,257,0 22,0,-1686.820612
258,Cc1cc2c(cc1-c1cc3ccccc3c(-c3c(O)c(-c4cc5c(cc4C)C(C)(C)CCC5(C)C)cc4ccccc34)c1O)C(C)(C)CCC2(C)C,Binol,258,18 43,0,-2086.188388
259,CC(C)(C)[Si](C)(C)Oc1ccc(-c2cc3ccccc3c(-c3c(O)c(-c4ccc(O[Si](C)(C)C(C)(C)C)cc4)cc4ccccc34)c2O)cc1,Binol,259,23 47,0,-2584.661879
260,CC(C)(C)[Si](C)(C)Oc1cccc(-c2cc3ccccc3c(-c3c(O)c(-c4cccc(O[Si](C)(C)C(C)(C)C)c4)cc4ccccc34)c2O)c1,Binol,260,24 48,0,-2584.666149
261,Oc1c(-c2ccc3c(c2)OCCC3)cc2ccccc2c1-c1c(O)c(-c2ccc3c(c2)OCCC3)cc2ccccc12,Binol,261,0 23,0,-1765.369814
262,CC(C)(C)[Si](C)(C)OCc1ccc(-c2cc3ccccc3c(-c3c(O)c(-c4ccc(CO[Si](C)(C)C(C)(C)C)cc4)cc4ccccc34)c2O)cc1,Binol,262,24 49,0,-2663.165056
263,COc1cc2c(cc1-c1cc3ccccc3c(-c3c(O)c(-c4cc5c(cc4OC)C(C)(C)c4ccccc4-5)cc4ccccc34)c1O)-c1ccccc1C2(C)C,Binol,263,19 46,0,-2305.55824
264,COc1ccc(C2CC2)cc1-c1cc2ccccc2c(-c2c(O)c(-c3cc(C4CC4)ccc3OC)cc3ccccc23)c1O,Binol,264,22 43,0,-1843.801728
265,COc1ccc(-c2cc3ccccc3c(-c3c(O)c(-c4ccc(OC)c([C@]56C[C@H]7C[C@H](C[C@H](C7)C5)C6)c4)cc4ccccc34)c2O)cc1[C@]12CC3CC(C[C@@H](C3)C1)C2,Binol,265,17 45,0,-2388.802176
266,Oc1c(-c2ccc(-n3c4ccccc4c4ccccc43)cc2)cc2ccccc2c1-c1c(O)c(-c2ccc(-n3c4ccccc4c4ccccc43)cc2)cc2ccccc12,Binol,266,0 32,0,-2413.458732
267,Oc1c(-c2ccc3c(c2)c2ccccc2n3-c2ccccc2)cc2ccccc2c1-c1c(O)c(-c2ccc3c(c2)c2ccccc2n3-c2ccccc2)cc2ccccc12,Binol,267,0 32,0,-2413.453855
268,Oc1c(-c2ccc3c4ccccc4n(-c4ccccc4)c3c2)cc2ccccc2c1-c1c(O)c(-c2ccc3c4ccccc4n(-c4ccccc4)c3c2)cc2ccccc12,Binol,268,0 32,0,-2413.456647
269,Oc1c(-c2cccc3c2oc2c(-c4ccccc4)cccc23)cc2ccccc2c1-c1c(O)c(-c2cccc3c2oc2c(-c4ccccc4)cccc23)cc2ccccc12,Binol,269,0 32,0,-2453.188599
270,Oc1c(-c2cccc(-c3cccc4c3oc3ccccc34)c2)cc2ccccc2c1-c1c(O)c(-c2cccc(-c3cccc4c3oc3ccccc34)c2)cc2ccccc12,Binol,270,0 32,0,-2453.166661
271,Oc1c(-c2ccc(N(c3ccccc3)c3ccccc3)cc2)cc2ccccc2c1-c1c(O)c(-c2ccc(N(c3ccccc3)c3ccccc3)cc2)cc2ccccc12,Binol,271,0 32,0,-2415.766224
272,Oc1c(-c2ccc3c(c2)Cc2ccccc2-3)cc2ccccc2c1-c1c(O)c(-c2ccc3c(c2)Cc2ccccc2-3)cc2ccccc12,Binol,272,0 26,0,-1919.695304
273,Oc1c(-c2ccc3c(c2)C2(CCCCC2)c2ccccc2-3)cc2ccccc2c1-c1c(O)c(-c2ccc3c(c2)C2(CCCCC2)c2ccccc2-3)cc2ccccc12,Binol,273,0 31,0,-2309.924363
274,Oc1c(-c2ccc3c(c2)C2(c4ccccc4-3)[C@H]3C[C@@H]4C[C@@H](C[C@H]2C4)C3)cc2ccccc2c1-c1c(O)c(-c2ccc3c(c2)C2(c4ccccc4-3)[C@H]3C[C@@H]4C[C@@H](C[C@H]2C4)C3)cc2ccccc12,Binol,274,0 35,0,-2619.277218
275,Oc1c(-c2ccc3c(c2)C(c2ccccc2)(c2ccccc2)c2ccccc2-3)cc2ccccc2c1-c1c(O)c(-c2ccc3c(c2)C(c2ccccc2)(c2ccccc2)c2ccccc2-3)cc2ccccc12,Binol,275,0 38,0,-2843.01214
276,Oc1c(-c2ccc3c(c2)C2(c4ccccc4-c4ccccc42)c2ccccc2-3)cc2ccccc2c1-c1c(O)c(-c2ccc3c(c2)C2(c4ccccc4-c4ccccc42)c2ccccc2-3)cc2ccccc12,Binol,276,0 38,0,-2840.685368
277,CC1(C)c2ccccc2-c2ccc(-c3cccc(-c4cc5ccccc5c(-c5c(O)c(-c6cccc(-c7ccc8c(c7)C(C)(C)c7ccccc7-8)c6)cc6ccccc56)c4O)c3)cc21,Binol,277,29 60,0,-2538.411007
278,Oc1c(-c2ccc(-c3ccc4c(c3)C(c3ccccc3)(c3ccccc3)c3ccccc3-4)cc2)cc2ccccc2c1-c1c(O)c(-c2ccc(-c3ccc4c(c3)C(c3ccccc3)(c3ccccc3)c3ccccc3-4)cc2)cc2ccccc12,Binol,278,0 44,0,-3304.682644
279,Oc1c(-c2ccc3c(c2)-c2ccccc2C3(c2ccccc2)c2ccccc2)cc2ccccc2c1-c1c(O)c(-c2ccc3c(c2)-c2ccccc2C3(c2ccccc2)c2ccccc2)cc2ccccc12,Binol,279,0 38,0,-2843.010607
280,Oc1c(-c2ccc([Si](c3ccccc3)(c3ccccc3)c3ccccc3)cc2)cc2ccccc2c1-c1c(O)c(-c2ccc([Si](c3ccccc3)(c3ccccc3)c3ccccc3)cc2)cc2ccccc12,Binol,280,0 38,0,-3348.115314
281,CC(C)c1ccc(-c2cc3ccccc3c(-c3c(O)c(-c4ccc(C(C)C)o4)cc4ccccc34)c2O)o1,Binol,281,18 36,0,-1613.04295
282,CC(C)c1ccoc1-c1cc2ccccc2c(-c2c(O)c(-c3occc3C(C)C)cc3ccccc23)c1O,Binol,282,19 37,0,-1613.017815
283,CC(C)c1coc(-c2cc3ccccc3c(-c3c(O)c(-c4cc(C(C)C)co4)cc4ccccc34)c2O)c1,Binol,283,18 36,0,-1613.0238
284,CCC(C)c1cccc(-c2cc3ccccc3c(-c3c(O)c(-c4cccc(C(C)CC)c4)cc4ccccc34)c2O)c1,Binol,284,20 40,0,-1695.936776
285,Oc1c(-c2ccc(C3CCCC3)cc2)cc2ccccc2c1-c1c(O)c(-c2ccc(C3CCCC3)cc2)cc2ccccc12,Binol,285,0 24,0,-1772.083515
286,Oc1c(-c2cccc(C3CCCC3)c2)cc2ccccc2c1-c1c(O)c(-c2cccc(C3CCCC3)c2)cc2ccccc12,Binol,286,0 24,0,-1772.084646
287,CC(C)COc1cccc(-c2cc3ccccc3c(-c3c(O)c(-c4cccc(OCC(C)C)c4)cc4ccccc34)c2O)c1,Binol,287,21 42,0,-1846.238461
288,Cc1cc(OC(C)C)ccc1-c1cc2ccccc2c(-c2c(O)c(-c3ccc(OC(C)C)cc3C)cc3ccccc23)c1O,Binol,288,22 43,0,-1846.25681
289,CCCOc1cc(C)cc(-c2cc3ccccc3c(-c3c(O)c(-c4cc(C)cc(OCCC)c4)cc4ccccc34)c2O)c1,Binol,289,21 42,0,-1846.249574
290,CCCOc1ccc(-c2cc3ccccc3c(-c3c(O)c(-c4ccc(OCCC)cc4C)cc4ccccc34)c2O)c(C)c1,Binol,290,19 40,0,-1846.250628
291,CC(C)(C)Oc1cccc(-c2cc3ccccc3c(-c3c(O)c(-c4cccc(OC(C)(C)C)c4)cc4ccccc34)c2O)c1,Binol,291,21 42,0,-1846.249568
292,Oc1c(-c2cccc(OC3CCCC3)c2)cc2ccccc2c1-c1c(O)c(-c2cccc(OC3CCCC3)c2)cc2ccccc12,Binol,292,0 25,1,-1922.392485
293,Oc1c(-c2ccc(OC3CCCC3)cc2)cc2ccccc2c1-c1c(O)c(-c2ccc(OC3CCCC3)cc2)cc2ccccc12,Binol,293,0 25,1,-1922.392826
294,Oc1c(-c2ccc(C3CCOCC3)cc2)cc2ccccc2c1-c1c(O)c(-c2ccc(C3CCOCC3)cc2)cc2ccccc12,Binol,294,0 25,2,-1922.385368
295,CC1(c2cccc(-c3cc4ccccc4c(-c4c(O)c(-c5cccc(C6(C)OCCO6)c5)cc5ccccc45)c3O)c2)OCCO1,Binol,295,18 40,0,-1994.184336
296,CC(C)(C)COc1cccc(-c2cc3ccccc3c(-c3c(O)c(-c4cccc(OCC(C)(C)C)c4)cc4ccccc34)c2O)c1,Binol,296,22 44,0,-1924.768847
297,Cc1cc(-c2cc3ccccc3c(-c3c(O)c(-c4cc(C)c(OC(C)C)c(C)c4)cc4ccccc34)c2O)cc(C)c1OC(C)C,Binol,297,15 37,0,-1924.779979
298,CC(C)(C)OCc1cccc(-c2cc3ccccc3c(-c3c(O)c(-c4cccc(COC(C)(C)C)c4)cc4ccccc34)c2O)c1,Binol,298,22 44,0,-1924.765432
299,CC(C)(C)OCc1ccc(-c2cc3ccccc3c(-c3c(O)c(-c4ccc(COC(C)(C)C)cc4)cc4ccccc34)c2O)cc1,Binol,299,21 43,1,-1924.758668
300,COCCOCc1ccc(-c2cc3ccccc3c(-c3c(O)c(-c4ccc(COCCOC)cc4)cc4ccccc34)c2O)cc1,Binol,300,21 43,0,-1996.512423
301,Cc1ccccc1-c1ccc(-c2cc3ccccc3c(-c3c(O)c(-c4ccc(-c5ccccc5C)cc4)cc4ccccc34)c2O)cc1,Binol,301,22 45,0,-1922.040649
302,Cc1cccc(-c2ccc(-c3cc4ccccc4c(-c4c(O)c(-c5ccc(-c6cccc(C)c6)cc5)cc5ccccc45)c3O)cc2)c1,Binol,302,21 44,0,-1922.054963
303,Cc1cc(-c2ccccc2)ccc1-c1cc2ccccc2c(-c2c(O)c(-c3ccc(-c4ccccc4)cc3C)cc3ccccc23)c1O,Binol,303,24 47,0,-1922.052549
304,CC1(C)CCC(c2ccc(-c3cc4ccccc4c(-c4c(O)c(-c5ccc(C6CCC(C)(C)CC6)cc5)cc5ccccc45)c3O)cc2)CC1,Binol,304,21 45,0,-2007.640417
305,Oc1c(-c2ccc(OCC3CCCCC3)cc2)cc2ccccc2c1-c1c(O)c(-c2ccc(OCC3CCCCC3)cc2)cc2ccccc12,Binol,305,0 27,0,-2079.416626
306,Oc1c(-c2ccc(COC3CCCCC3)cc2)cc2ccccc2c1-c1c(O)c(-c2ccc(COC3CCCCC3)cc2)cc2ccccc12,Binol,306,0 27,0,-2079.420145
307,CCOc1ccc(-c2ccc(-c3cc4ccccc4c(-c4c(O)c(-c5ccc(-c6ccc(OCC)cc6)cc5)cc5ccccc45)c3O)cc2)cc1,Binol,307,22 47,0,-2150.868598
308,CC(C)(C)c1ccc(-c2ccc(-c3cc4ccccc4c(-c4c(O)c(-c5ccc(-c6ccc(C(C)(C)C)cc6)cc5)cc5ccccc45)c3O)cc2)cc1,Binol,308,23 49,0,-2157.600336
309,CCCCc1ccc(-c2ccc(-c3cc4ccccc4c(-c4c(O)c(-c5ccc(-c6ccc(CCCC)cc6)cc5)cc5ccccc45)c3O)cc2)cc1,Binol,309,23 49,0,-2157.604437
310,CCCCC[C@H]1CC[C@H](c2ccc(-c3cc4ccccc4c(-c4c(O)c(-c5ccc([C@H]6CC[C@H](CCCCC)CC6)cc5)cc5ccccc45)c3O)cc2)CC1,Binol,310,24 51,0,-2243.208091
311,Oc1c(-c2ccc(-c3ccccc3)o2)cc2ccccc2c1-c1c(O)c(-c2ccc(-c3ccccc3)o2)cc2ccccc12,Binol,311,0 24,0,-1839.145045
312,CC(C)(C)c1ccc(Oc2ccc(-c3cc4ccccc4c(-c4c(O)c(-c5ccc(Oc6ccc(C(C)(C)C)cc6)cc5)cc5ccccc45)c3O)cc2)cc1,Binol,312,24 51,0,-2307.901587
313,Oc1c(-c2cccc(-c3ccc(-c4ccccc4)cc3)c2)cc2ccccc2c1-c1c(O)c(-c2cccc(-c3ccc(-c4ccccc4)cc3)c2)cc2ccccc12,Binol,313,0 31,0,-2305.188951
314,CC1(C)COc2ccc(-c3cc4ccccc4c(-c4c(O)c(-c5ccc6c(c5)C(C)(C)CO6)cc5ccccc45)c3O)cc21,Binol,314,20 41,0,-1843.883129
315,CC1(C)Cc2cc(-c3cc4ccccc4c(-c4c(O)c(-c5ccc6c(c5)CC(C)(C)O6)cc5ccccc45)c3O)ccc2O1,Binol,315,18 39,0,-1843.901394
317,Cc1ccc(C(C)C)c(OCc2ccc(-c3cc4ccccc4c(-c4c(O)c(-c5ccc(COc6cc(C)ccc6C(C)C)cc5)cc5ccccc45)c3O)cc2)c1,Binol,317,26 54,0,-2386.434737
318,Oc1c(-c2ccc(OCCc3ccccc3)cc2)cc2ccccc2c1-c1c(O)c(-c2ccc(OCCc3ccccc3)cc2)cc2ccccc12,Binol,318,0 28,0,-2150.855118
319,Oc1c(-c2ccc(-c3cccc4ccccc34)cc2)cc2ccccc2c1-c1c(O)c(-c2ccc(-c3cccc4ccccc34)cc2)cc2ccccc12,Binol,319,0 29,0,-2150.526704
320,Cc1cc(O[Si](C)(C)C(C)(C)C)cc(-c2cc3ccccc3c(-c3c(O)c(-c4cc(C)cc(O[Si](C)(C)C(C)(C)C)c4)cc4ccccc34)c2O)c1,Binol,320,25 50,0,-2663.195526
321,C[Si](C)(C)c1cc(-c2cc3ccccc3c(-c3c(O)c(-c4cc([Si](C)(C)C)cc([Si](C)(C)C)c4)cc4ccccc34)c2O)cc([Si](C)(C)C)c1,Binol,321,18 42,0,-3015.574529
322,Oc1c(-c2ccc(-c3ccccc3)c(-c3ccccc3)c2)cc2ccccc2c1-c1c(O)c(-c2ccc(-c3ccccc3)c(-c3ccccc3)c2)cc2ccccc12,Binol,322,0 31,0,-2305.185029
323,O=C1C2C3C=CC(C3)C2C(=O)N1c1ccc(-c2cc3ccccc3c(-c3c(O)c(-c4ccc(N5C(=O)C6C7C=CC(C7)C6C5=O)cc4)cc4ccccc34)c2O)cc1,Binol,323,27 55,0,-2485.593335
324,Oc1c(-c2ccc3c(c2)oc2cccc(-c4ccccc4)c23)cc2ccccc2c1-c1c(O)c(-c2ccc3c(c2)oc2cccc(-c4ccccc4)c23)cc2ccccc12,Binol,324,0 32,0,-2453.16897
325,Oc1c(-c2ccccc2)cc2ccccc2c1-c1c(O)c(-c2ccc3c(c2)C2(CCCC2)c2ccccc2-3)cc2ccccc12,Binol,325,0 19,0,-1806.623579
326,CCCCc1ccc(-c2cc3ccccc3c(-c3c(O)c(-c4ccc5c(c4)C4(CCCC4)c4ccccc4-5)cc4ccccc34)c2O)cc1,Binol,326,19 46,0,-1963.668337
327,Oc1c(-c2ccc(C3CCCCC3)cc2)cc2ccccc2c1-c1c(O)c(-c2ccc3c(c2)C2(CCCC2)c2ccccc2-3)cc2ccccc12,Binol,327,0 25,0,-2040.998495
328,CC1(C)CCC(C)(C)c2cc(-c3cc4ccccc4c(-c4c(O)c(-c5ccc6c(c5)C5(CCCC5)c5ccccc5-6)cc5ccccc45)c3O)ccc21,Binol,328,22 49,0,-2119.532261
329,CC1(C)CCC(C)(C)c2cc(-c3cc4ccccc4c(-c4c(O)c(-c5ccccc5)cc5ccccc45)c3O)ccc21,Binol,329,22 38,0,-1694.755733
330,CC1(C)CCC(C)(C)c2cc(-c3cc4ccccc4c(-c4c(O)c(-c5ccc(C6CCCCC6)cc5)cc5ccccc45)c3O)ccc21,Binol,330,22 44,0,-1929.131569
331,CC(C)c1cc(O)c(-c2c(O)cc(C(C)C)c3ccccc23)c2ccccc12,Binol,331,6 10,0,-1155.745389
332,CCCCCCc1cc(O)c(-c2c(O)cc(CCCCCC)c3ccccc23)c2ccccc12,Binol,332,9 13,3,-1391.306597
333,Cc1ccc(-c2cc(O)c(-c3c(O)cc(-c4ccc(C)cc4)c4ccccc34)c3ccccc23)cc1,Binol,333,8 12,0,-1460.382368
334,CCc1ccc(-c2cc(O)c(-c3c(O)cc(-c4ccc(CC)cc4)c4ccccc34)c3ccccc23)cc1,Binol,334,9 13,0,-1538.898955
335,CC(C)c1ccc(-c2cc(O)c(-c3c(O)cc(-c4ccc(C(C)C)cc4)c4ccccc34)c3ccccc23)cc1,Binol,335,10 14,1,-1617.418497
336,CCCCc1ccc(-c2cc(O)c(-c3c(O)cc(-c4ccc(CCCC)cc4)c4ccccc34)c3ccccc23)cc1,Binol,336,11 15,0,-1695.937966
337,CC(C)Cc1ccc(-c2cc(O)c(-c3c(O)cc(-c4ccc(CC(C)C)cc4)c4ccccc34)c3ccccc23)cc1,Binol,337,11 15,1,-1695.941011
338,Oc1cc(-c2ccc(C3CCCCC3)cc2)c2ccccc2c1-c1c(O)cc(-c2ccc(C3CCCCC3)cc2)c2ccccc12,Binol,338,0 25,0,-1850.618362
339,Oc1cc(-c2ccc(F)cc2)c2ccccc2c1-c1c(O)cc(-c2ccc(F)cc2)c2ccccc12,Binol,339,0 20,0,-1580.192395
340,Oc1cc(-c2ccc(C(F)(F)F)cc2)c2ccccc2c1-c1c(O)cc(-c2ccc(C(F)(F)F)cc2)c2ccccc12,Binol,340,0 23,0,-2055.44703
341,CC(C)(C)c1ccc(-c2cc(O)c(-c3c(O)cc(-c4ccc(C(C)(C)C)cc4)c4ccccc34)c3ccccc23)cc1,Binol,341,11 15,0,-1695.932609
342,CCOc1ccc(-c2cc(O)c(-c3c(O)cc(-c4ccc(OCC)cc4)c4ccccc34)c3ccccc23)cc1,Binol,342,10 14,0,-1689.198552
343,Oc1cc(-c2ccc(Oc3ccccc3)cc2)c2ccccc2c1-c1c(O)cc(-c2ccc(Oc3ccccc3)cc2)c2ccccc12,Binol,343,0 26,0,-1993.823146
344,Oc1cc(-c2cccc3ccccc23)c2ccccc2c1-c1c(O)cc(-c2cccc3ccccc23)c2ccccc12,Binol,344,0 23,0,-1688.85942
345,Oc1cc(-c2ccc3ccccc3c2)c2ccccc2c1-c1c(O)cc(-c2ccc3ccccc3c2)c2ccccc12,Binol,345,0 23,0,-1688.858852
346,Oc1cc(-c2ccc(C34CC5C[C@H](C3)C[C@H](C5)C4)cc2)c2ccccc2c1-c1c(O)cc(-c2ccc(C34CC5C[C@H](C3)C[C@H](C5)C4)cc2)c2ccccc12,Binol,346,0 29,0,-2159.981812
347,Oc1cc(-c2ccc([Si](c3ccccc3)(c3ccccc3)c3ccccc3)cc2)c2ccccc2c1-c1c(O)cc(-c2ccc([Si](c3ccccc3)(c3ccccc3)c3ccccc3)cc2)c2ccccc12,Binol,347,0 38,0,-3348.114654
348,CCC[C@H]1CC[C@H](c2ccc(-c3cc(O)c(-c4c(O)cc(-c5ccc([C@H]6CC[C@H](CCC)CC6)cc5)c5ccccc45)c4ccccc34)cc2)CC1,Binol,348,14 18,0,-2086.178384
349,CCCCC[C@H]1CC[C@H](c2ccc(-c3cc(O)c(-c4c(O)cc(-c5ccc([C@H]6CC[C@H](CCCCC)CC6)cc5)c5ccccc45)c4ccccc34)cc2)CC1,Binol,349,16 20,0,-2243.202223
350,COCCOc1ccc(-c2cc(O)c(-c3c(O)cc(-c4ccc(OCCOC)cc4)c4ccccc34)c3ccccc23)cc1,Binol,350,12 16,0,-1917.997976
351,Oc1cc(-c2ccc(OC3CCCCC3)cc2)c2ccccc2c1-c1c(O)cc(-c2ccc(OC3CCCCC3)cc2)c2ccccc12,Binol,351,0 26,2,-2000.926941
352,Oc1cc(-c2ccc(C3CCOCC3)cc2)c2ccccc2c1-c1c(O)cc(-c2ccc(C3CCOCC3)cc2)c2ccccc12,Binol,352,0 25,1,-1922.388648
353,Oc1cc(-c2ccc(-c3cccc4ccccc34)cc2)c2ccccc2c1-c1c(O)cc(-c2ccc(-c3cccc4ccccc34)cc2)c2ccccc12,Binol,353,0 29,0,-2150.524725
354,Oc1cc(-c2ccc(-c3ccc4ccccc4c3)cc2)c2ccccc2c1-c1c(O)cc(-c2ccc(-c3ccc4ccccc4c3)cc2)c2ccccc12,Binol,354,0 29,0,-2150.529796
355,Oc1cc(-c2ccc(-c3ccc(-c4ccccc4)cc3)cc2)c2ccccc2c1-c1c(O)cc(-c2ccc(-c3ccc(-c4ccccc4)cc3)cc2)c2ccccc12,Binol,355,0 31,1,-2305.192894
356,Cc1cccc(-c2cc(O)c(-c3c(O)cc(-c4cccc(C)c4)c4ccccc34)c3ccccc23)c1,Binol,356,9 13,1,-1460.381802
357,COc1cccc(-c2cc(O)c(-c3c(O)cc(-c4cccc(OC)c4)c4ccccc34)c3ccccc23)c1,Binol,357,10 14,0,-1610.67278
358,Oc1cc(-c2cccc(-c3ccccc3)c2)c2ccccc2c1-c1c(O)cc(-c2cccc(-c3ccccc3)c2)c2ccccc12,Binol,358,0 25,0,-1843.52195
359,CC(C)(C)c1cccc(-c2cc(O)c(-c3c(O)cc(-c4cccc(C(C)(C)C)c4)c4ccccc34)c3ccccc23)c1,Binol,359,12 16,2,-1695.933901
360,C[Si](C)(C)c1cccc(-c2cc(O)c(-c3c(O)cc(-c4cccc([Si](C)(C)C)c4)c4ccccc34)c3ccccc23)c1,Binol,360,12 16,0,-2198.713104
361,CC(C)Cc1cccc(-c2cc(O)c(-c3c(O)cc(-c4cccc(CC(C)C)c4)c4ccccc34)c3ccccc23)c1,Binol,361,12 16,0,-1695.94225
362,CC(C)Oc1cccc(-c2cc(O)c(-c3c(O)cc(-c4cccc(OC(C)C)c4)c4ccccc34)c3ccccc23)c1,Binol,362,12 16,0,-1767.7298
363,CC(C)(C)Oc1cccc(-c2cc(O)c(-c3c(O)cc(-c4cccc(OC(C)(C)C)c4)c4ccccc34)c3ccccc23)c1,Binol,363,13 17,1,-1846.247567
364,CCCCOc1cccc(-c2cc(O)c(-c3c(O)cc(-c4cccc(OCCCC)c4)c4ccccc34)c3ccccc23)c1,Binol,364,13 17,0,-1846.239577
365,Oc1cc(-c2cccc(OC3CCCC3)c2)c2ccccc2c1-c1c(O)cc(-c2cccc(OC3CCCC3)c2)c2ccccc12,Binol,365,0 25,0,-1922.391446
366,Oc1cc(-c2cccc(OC3CCCCO3)c2)c2ccccc2c1-c1c(O)cc(-c2cccc(OC3CCCCO3)c2)c2ccccc12,Binol,366,0 26,1,-2072.709878
367,COc1ccc(-c2cc(O)c(-c3c(O)cc(-c4ccc(OC)c(OC)c4)c4ccccc34)c3ccccc23)cc1OC,Binol,367,9 13,1,-1839.484019
368,Cc1cc(-c2cc(O)c(-c3c(O)cc(-c4cc(C)c(OC(C)C)c(C)c4)c4ccccc34)c3ccccc23)cc(C)c1OC(C)C,Binol,368,7 11,1,-1924.781038
369,Oc1cc(-c2ccco2)c2ccccc2c1-c1c(O)cc(-c2ccco2)c2ccccc12,Binol,369,0 18,0,-1377.45229
370,Oc1cc(-c2ccoc2)c2ccccc2c1-c1c(O)cc(-c2ccoc2)c2ccccc12,Binol,370,0 18,0,-1377.445754
371,Cc1cc(C)cc(-c2cc(O)c(-c3c(O)cc(-c4cc(C)cc(C)c4)c4ccccc34)c3ccccc23)c1,Binol,371,10 14,1,-1538.913788
372,CC(C)(C)c1cc(-c2cc(O)c(-c3c(O)cc(-c4cc(C(C)(C)C)cc(C(C)(C)C)c4)c4ccccc34)c3ccccc23)cc(C(C)(C)C)c1,Binol,372,10 14,1,-2010.017201
373,Oc1cc(-c2cc(F)cc(F)c2)c2ccccc2c1-c1c(O)cc(-c2cc(F)cc(F)c2)c2ccccc12,Binol,373,0 21,0,-1778.533032
374,Oc1cc(-c2cc(C(F)(F)F)cc(C(F)(F)F)c2)c2ccccc2c1-c1c(O)cc(-c2cc(C(F)(F)F)cc(C(F)(F)F)c2)c2ccccc12,Binol,374,0 27,0,-2729.04161
375,COc1cc(OC)cc(-c2cc(O)c(-c3c(O)cc(-c4cc(OC)cc(OC)c4)c4ccccc34)c3ccccc23)c1,Binol,375,12 16,0,-1839.495653
376,Oc1cc(-c2cc(-c3ccccc3)cc(-c3ccccc3)c2)c2ccccc2c1-c1c(O)cc(-c2cc(-c3ccccc3)cc(-c3ccccc3)c2)c2ccccc12,Binol,376,0 31,0,-2305.193805
377,Oc1cc(-c2cccc3c2OCCO3)c2ccccc2c1-c1c(O)cc(-c2cccc3c2OCCO3)c2ccccc12,Binol,377,0 23,0,-1837.144648
378,Oc1cc(-c2cccc3c2OCO3)c2ccccc2c1-c1c(O)cc(-c2cccc3c2OCO3)c2ccccc12,Binol,378,0 22,0,-1758.615962
379,Oc1cc(-c2ccc3occc3c2)c2ccccc2c1-c1c(O)cc(-c2ccc3occc3c2)c2ccccc12,Binol,379,0 22,0,-1684.466257
380,Oc1cc(-c2cccc3occc23)c2ccccc2c1-c1c(O)cc(-c2cccc3occc23)c2ccccc12,Binol,380,0 22,0,-1684.470246
381,Oc1cc(-c2ccc3c(c2)CCCC3)c2ccccc2c1-c1c(O)cc(-c2ccc3c(c2)CCCC3)c2ccccc12,Binol,381,0 23,1,-1693.583581
382,CC1(C)CCC(C)(C)c2cc(-c3cc(O)c(-c4c(O)cc(-c5ccc6c(c5)C(C)(C)CCC6(C)C)c5ccccc45)c4ccccc34)ccc21,Binol,382,14 18,0,-2007.662158
383,Oc1cc(-c2ccc3c(c2)Cc2ccccc2-3)c2ccccc2c1-c1c(O)cc(-c2ccc3c(c2)Cc2ccccc2-3)c2ccccc12,Binol,383,0 26,2,-1919.696249
384,CC1(C)c2ccccc2-c2ccc(-c3cc(O)c(-c4c(O)cc(-c5ccc6c(c5)C(C)(C)c5ccccc5-6)c5ccccc45)c4ccccc34)cc21,Binol,384,16 20,0,-2076.743945
385,Oc1cc(-c2ccc3c(c2)C2(CCCC2)c2ccccc2-3)c2ccccc2c1-c1c(O)cc(-c2ccc3c(c2)C2(CCCC2)c2ccccc2-3)c2ccccc12,Binol,385,0 30,0,-2231.405717
386,Oc1cc(-c2ccc3c(c2)C2(CCCCC2)c2ccccc2-3)c2ccccc2c1-c1c(O)cc(-c2ccc3c(c2)C2(CCCCC2)c2ccccc2-3)c2ccccc12,Binol,386,0 31,0,-2309.939027
387,Oc1cc(-c2ccc3c(c2)C2(c4ccccc4-c4ccccc42)c2ccccc2-3)c2ccccc2c1-c1c(O)cc(-c2ccc3c(c2)C2(c4ccccc4-c4ccccc42)c2ccccc2-3)c2ccccc12,Binol,387,0 38,0,-2840.689954
388,Oc1cc(-c2ccc3c(c2)C2(c4ccccc4Oc4ccccc42)c2ccccc2-3)c2ccccc2c1-c1c(O)cc(-c2ccc3c(c2)C2(c4ccccc4Oc4ccccc42)c2ccccc2-3)c2ccccc12,Binol,388,0 39,0,-2991.002566
389,Oc1cc(-c2ccc3c(c2)C2(c4ccccc4-3)[C@H]3C[C@@H]4C[C@@H](C[C@H]2C4)C3)c2ccccc2c1-c1c(O)cc(-c2ccc3c(c2)C2(c4ccccc4-3)[C@H]3C[C@@H]4C[C@@H](C[C@H]2C4)C3)c2ccccc12,Binol,389,0 35,0,-2619.280124
390,Oc1cc(-c2ccc3c(c2)C(c2ccccc2)(c2ccccc2)c2ccccc2-3)c2ccccc2c1-c1c(O)cc(-c2ccc3c(c2)C(c2ccccc2)(c2ccccc2)c2ccccc2-3)c2ccccc12,Binol,390,0 38,0,-2843.018231
391,CC(C)(C)C(C)(C)Oc1ccc(-c2cc(O)c(-c3c(O)cc(-c4ccc(OC(C)(C)C(C)(C)C)cc4)c4ccccc34)c3ccccc23)cc1,Binol,391,15 19,1,-2081.797507
392,CC(C)(C)C(C)(C)Oc1cccc(-c2cc(O)c(-c3c(O)cc(-c4cccc(OC(C)(C)C(C)(C)C)c4)c4ccccc34)c3ccccc23)c1,Binol,392,16 20,1,-2081.796217
393,COc1ccc(-c2cc(O)c(-c3c(O)cc(-c4ccc(OC)c([C@]56C[C@H]7C[C@H](C[C@H](C7)C5)C6)c4)c4ccccc34)c3ccccc23)cc1[C@]12CC3CC(C[C@@H](C3)C1)C2,Binol,393,9 13,1,-2388.800614
394,Oc1cc(-c2cccc3c2oc2ccccc23)c2ccccc2c1-c1c(O)cc(-c2cccc3c2oc2ccccc23)c2ccccc12,Binol,394,0 26,1,-1991.497332
395,Oc1cc(-c2cccc3c2oc2c(-c4ccccc4)cccc23)c2ccccc2c1-c1c(O)cc(-c2cccc3c2oc2c(-c4ccccc4)cccc23)c2ccccc12,Binol,395,0 32,0,-2453.177328
396,Oc1cc(-c2cccc3c4ccccc4n(-c4ccccc4)c23)c2ccccc2c1-c1c(O)cc(-c2cccc3c4ccccc4n(-c4ccccc4)c23)c2ccccc12,Binol,396,0 32,0,-2413.472109
397,Oc1cc(-c2ccc3c4ccccc4n(-c4ccccc4)c3c2)c2ccccc2c1-c1c(O)cc(-c2ccc3c4ccccc4n(-c4ccccc4)c3c2)c2ccccc12,Binol,397,0 32,0,-2413.458126
398,Oc1cc(-c2ccc(-n3c4ccccc4c4ccccc43)cc2)c2ccccc2c1-c1c(O)cc(-c2ccc(-n3c4ccccc4c4ccccc43)cc2)c2ccccc12,Binol,398,0 32,0,-2413.45625
399,CC1(C)c2ccccc2-c2ccc(-c3cccc(-c4cc(O)c(-c5c(O)cc(-c6cccc(-c7ccc8c(c7)C(C)(C)c7ccccc7-8)c6)c6ccccc56)c5ccccc45)c3)cc21,Binol,399,21 25,0,-2538.415607
400,CC1(C)c2ccccc2-c2cc(-c3cc(O)c(-c4c(O)cc(-c5ccc6c(c5)-c5ccccc5C6(C)C)c5ccccc45)c4ccccc34)ccc21,Binol,400,15 19,0,-2076.743163
401,CCCCCCc1ccc2c(-c3c(O)ccc4cc(CCCCCC)ccc34)c(O)ccc2c1,Binol,401,13 29,1,-1391.309706
402,CCc1ccc(-c2ccc3c(-c4c(O)ccc5cc(-c6ccc(CC)cc6)ccc45)c(O)ccc3c2)cc1,Binol,402,13 31,2,-1538.903859
403,CC(C)c1ccc(-c2ccc3c(-c4c(O)ccc5cc(-c6ccc(C(C)C)cc6)ccc45)c(O)ccc3c2)cc1,Binol,403,14 33,0,-1617.423099
404,CC(C)(C)c1ccc(-c2ccc3c(-c4c(O)ccc5cc(-c6ccc(C(C)(C)C)cc6)ccc45)c(O)ccc3c2)cc1,Binol,404,15 35,0,-1695.937675
405,CCCCCCc1ccc(-c2ccc3c(-c4c(O)ccc5cc(-c6ccc(CCCCCC)cc6)ccc45)c(O)ccc3c2)cc1,Binol,405,17 39,0,-1852.980234
406,CC(C)Cc1ccc(-c2ccc3c(-c4c(O)ccc5cc(-c6ccc(CC(C)C)cc6)ccc45)c(O)ccc3c2)cc1,Binol,406,15 35,0,-1695.946016
407,Oc1ccc2cc(-c3ccc(C4CCCCC4)cc3)ccc2c1-c1c(O)ccc2cc(-c3ccc(C4CCCCC4)cc3)ccc12,Binol,407,0 25,1,-1850.622645
408,Oc1ccc2cc(-c3ccc(F)cc3)ccc2c1-c1c(O)ccc2cc(-c3ccc(F)cc3)ccc12,Binol,408,0 20,1,-1580.197523
409,Oc1ccc2cc(-c3ccc(C(F)(F)F)cc3)ccc2c1-c1c(O)ccc2cc(-c3ccc(C(F)(F)F)cc3)ccc12,Binol,409,0 23,1,-2055.453024
410,Oc1ccc2cc(-c3ccc(OC(F)(F)F)cc3)ccc2c1-c1c(O)ccc2cc(-c3ccc(OC(F)(F)F)cc3)ccc12,Binol,410,0 24,1,-2205.774223
411,CCOc1ccc(-c2ccc3c(-c4c(O)ccc5cc(-c6ccc(OCC)cc6)ccc45)c(O)ccc3c2)cc1,Binol,411,14 33,0,-1689.203225
412,Oc1ccc2cc(-c3ccc(Oc4ccccc4)cc3)ccc2c1-c1c(O)ccc2cc(-c3ccc(Oc4ccccc4)cc3)ccc12,Binol,412,0 26,2,-1993.828118
413,Oc1ccc2cc(-c3ccc(OCc4ccccc4)cc3)ccc2c1-c1c(O)ccc2cc(-c3ccc(OCc4ccccc4)cc3)ccc12,Binol,413,0 27,7,-2072.341797
414,Oc1ccc2cc(-c3ccc(-c4ccccc4)cc3)ccc2c1-c1c(O)ccc2cc(-c3ccc(-c4ccccc4)cc3)ccc12,Binol,414,0 25,2,-1843.526655
415,Oc1ccc2cc(-c3ccc(-c4cccc5ccccc45)cc3)ccc2c1-c1c(O)ccc2cc(-c3ccc(-c4cccc5ccccc45)cc3)ccc12,Binol,415,0 29,3,-2150.529769
416,Oc1ccc2cc(-c3ccc(C45CC6C[C@H](C4)C[C@H](C6)C5)cc3)ccc2c1-c1c(O)ccc2cc(-c3ccc([C@]45CC6CC(C[C@@H](C6)C4)C5)cc3)ccc12,Binol,416,0 29,4,-2159.986501
417,CCC[C@H]1CC[C@H](c2ccc(-c3ccc4c(-c5c(O)ccc6cc(-c7ccc([C@H]8CC[C@H](CCC)CC8)cc7)ccc56)c(O)ccc4c3)cc2)CC1,Binol,417,18 43,0,-2086.175636
418,CCCCC[C@H]1CC[C@H](c2ccc(-c3ccc4c(-c5c(O)ccc6cc(-c7ccc([C@H]8CC[C@H](CCCCC)CC8)cc7)ccc56)c(O)ccc4c3)cc2)CC1,Binol,418,20 47,0,-2243.221811
419,COCCOc1ccc(-c2ccc3c(-c4c(O)ccc5cc(-c6ccc(OCCOC)cc6)ccc45)c(O)ccc3c2)cc1,Binol,419,16 37,2,-1918.002542
420,Oc1ccc2cc(-c3ccc(OC4CCCCO4)cc3)ccc2c1-c1c(O)ccc2cc(-c3ccc(OC4CCCCO4)cc3)ccc12,Binol,420,0 26,1,-2072.724272
421,Cc1cccc(-c2ccc3c(-c4c(O)ccc5cc(-c6cccc(C)c6)ccc45)c(O)ccc3c2)c1,Binol,421,13 30,2,-1460.387112
422,COc1cccc(-c2ccc3c(-c4c(O)ccc5cc(-c6cccc(OC)c6)ccc45)c(O)ccc3c2)c1,Binol,422,14 32,1,-1610.677504
423,Oc1ccc2cc(-c3cccc(-c4ccccc4)c3)ccc2c1-c1c(O)ccc2cc(-c3cccc(-c4ccccc4)c3)ccc12,Binol,423,0 25,1,-1843.526479
424,CC(C)(C)c1cccc(-c2ccc3c(-c4c(O)ccc5cc(-c6cccc(C(C)(C)C)c6)ccc45)c(O)ccc3c2)c1,Binol,424,16 36,1,-1695.937875
425,C[Si](C)(C)c1cccc(-c2ccc3c(-c4c(O)ccc5cc(-c6cccc([Si](C)(C)C)c6)ccc45)c(O)ccc3c2)c1,Binol,425,16 36,1,-2198.716788
426,CCCCc1cccc(-c2ccc3c(-c4c(O)ccc5cc(-c6cccc(CCCC)c6)ccc45)c(O)ccc3c2)c1,Binol,426,16 36,3,-1695.943551
427,CC(C)Cc1cccc(-c2ccc3c(-c4c(O)ccc5cc(-c6cccc(CC(C)C)c6)ccc45)c(O)ccc3c2)c1,Binol,427,16 36,0,-1695.946209
428,CC(C)Oc1cccc(-c2ccc3c(-c4c(O)ccc5cc(-c6cccc(OC(C)C)c6)ccc45)c(O)ccc3c2)c1,Binol,428,16 36,1,-1767.733497
429,CC(C)(C)Oc1cccc(-c2ccc3c(-c4c(O)ccc5cc(-c6cccc(OC(C)(C)C)c6)ccc45)c(O)ccc3c2)c1,Binol,429,17 38,2,-1846.251756
430,CCCCOc1cccc(-c2ccc3c(-c4c(O)ccc5cc(-c6cccc(OCCCC)c6)ccc45)c(O)ccc3c2)c1,Binol,430,17 38,0,-1846.24413
431,Cc1ccccc1-c1ccc2c(-c3c(O)ccc4cc(-c5ccccc5C)ccc34)c(O)ccc2c1,Binol,431,14 31,0,-1460.378506
432,CCc1ccccc1-c1ccc2c(-c3c(O)ccc4cc(-c5ccccc5CC)ccc34)c(O)ccc2c1,Binol,432,15 33,0,-1538.897967
433,CCCCc1ccccc1-c1ccc2c(-c3c(O)ccc4cc(-c5ccccc5CCCC)ccc34)c(O)ccc2c1,Binol,433,17 37,0,-1695.938798
434,CC(C)(C)c1ccccc1-c1ccc2c(-c3c(O)ccc4cc(-c5ccccc5C(C)(C)C)ccc34)c(O)ccc2c1,Binol,434,17 37,0,-1695.917667
435,COc1ccccc1-c1ccc2c(-c3c(O)ccc4cc(-c5ccccc5OC)ccc34)c(O)ccc2c1,Binol,435,15 33,0,-1610.673922
436,CCCCOc1ccccc1-c1ccc2c(-c3c(O)ccc4cc(-c5ccccc5OCCCC)ccc34)c(O)ccc2c1,Binol,436,18 39,0,-1846.248874
437,CC(C)(C)Oc1ccccc1-c1ccc2c(-c3c(O)ccc4cc(-c5ccccc5OC(C)(C)C)ccc34)c(O)ccc2c1,Binol,437,18 39,0,-1846.254684
438,Oc1ccc2cc(-c3ccccc3C(F)(F)F)ccc2c1-c1c(O)ccc2cc(-c3ccccc3C(F)(F)F)ccc12,Binol,438,0 23,0,-2055.443078
439,Oc1ccc2cc(-c3ccccc3F)ccc2c1-c1c(O)ccc2cc(-c3ccccc3F)ccc12,Binol,439,0 20,0,-1580.196167
441,Cc1cc(C)cc(-c2ccc3c(-c4c(O)ccc5cc(-c6cc(C)cc(C)c6)ccc45)c(O)ccc3c2)c1,Binol,441,14 32,4,-1538.919085
442,Oc1ccc2cc(-c3cc(F)cc(F)c3)ccc2c1-c1c(O)ccc2cc(-c3cc(F)cc(F)c3)ccc12,Binol,442,0 21,0,-1778.539396
443,Oc1ccc2cc(-c3cc(C(F)(F)F)cc(C(F)(F)F)c3)ccc2c1-c1c(O)ccc2cc(-c3cc(C(F)(F)F)cc(C(F)(F)F)c3)ccc12,Binol,443,0 27,1,-2729.046915
444,COc1cc(OC)cc(-c2ccc3c(-c4c(O)ccc5cc(-c6cc(OC)cc(OC)c6)ccc45)c(O)ccc3c2)c1,Binol,444,16 36,2,-1839.500575
445,Cc1ccc(-c2ccc3c(-c4c(O)ccc5cc(-c6ccc(C)cc6C)ccc45)c(O)ccc3c2)c(C)c1,Binol,445,12 30,0,-1538.910427
446,Cc1cc(-c2ccc3c(-c4c(O)ccc5cc(-c6cc(C)c(OC(C)C)c(C)c6)ccc45)c(O)ccc3c2)cc(C)c1OC(C)C,Binol,446,11 33,1,-1924.78565
447,COc1cc(-c2ccc3c(-c4c(O)ccc5cc(-c6cc(OC)c(OC)c(OC)c6)ccc45)c(O)ccc3c2)cc(OC)c1OC,Binol,447,12 34,0,-2068.301654
448,Cc1cccc(C)c1-c1ccc2c(-c3c(O)ccc4cc(-c5c(C)cccc5C)ccc34)c(O)ccc2c1,Binol,448,15 33,0,-1538.908531
449,Cc1cc(C)c(-c2ccc3c(-c4c(O)ccc5cc(-c6c(C)cc(C)cc6C)ccc45)c(O)ccc3c2)c(C)c1,Binol,449,13 32,0,-1617.439947
450,CC(C)c1cc(C(C)C)c(-c2ccc3c(-c4c(O)ccc5cc(-c6c(C(C)C)cc(C(C)C)cc6C(C)C)ccc45)c(O)ccc3c2)c(C(C)C)c1,Binol,450,17 42,0,-2088.552678
451,CCOC(=O)c1ccc(-c2ccc3c(-c4c(O)ccc5cc(-c6ccc(C(=O)OCC)cc6)ccc45)c(O)ccc3c2)cc1,Binol,451,16 37,0,-1915.74835
452,N#Cc1ccc(-c2ccc3c(-c4c(O)ccc5cc(-c6ccc(C#N)cc6)ccc45)c(O)ccc3c2)cc1,Binol,452,13 31,1,-1566.221189
453,CC(=O)Oc1ccc(-c2ccc3c(-c4c(O)ccc5cc(-c6ccc(OC(C)=O)cc6)ccc45)c(O)ccc3c2)cc1,Binol,453,15 35,0,-1837.21773
454,CC(=O)Nc1ccc(-c2ccc3c(-c4c(O)ccc5cc(-c6ccc(NC(C)=O)cc6)ccc45)c(O)ccc3c2)cc1,Binol,454,15 35,0,-1797.505334
455,CC(C)(C)OC(=O)Nc1ccc(-c2ccc3c(-c4c(O)ccc5cc(-c6ccc(NC(=O)OC(C)(C)C)cc6)ccc45)c(O)ccc3c2)cc1,Binol,455,19 43,1,-2183.418276
456,CCOC(=O)c1cccc(-c2ccc3c(-c4c(O)ccc5cc(-c6cccc(C(=O)OCC)c6)ccc45)c(O)ccc3c2)c1,Binol,456,17 38,2,-1915.747619
457,N#Cc1cccc(-c2ccc3c(-c4c(O)ccc5cc(-c6cccc(C#N)c6)ccc45)c(O)ccc3c2)c1,Binol,457,14 32,0,-1566.220048
458,CC(=O)Oc1cccc(-c2ccc3c(-c4c(O)ccc5cc(-c6cccc(OC(C)=O)c6)ccc45)c(O)ccc3c2)c1,Binol,458,16 36,0,-1837.218198
459,CC(=O)Nc1cccc(-c2ccc3c(-c4c(O)ccc5cc(-c6cccc(NC(C)=O)c6)ccc45)c(O)ccc3c2)c1,Binol,459,16 36,0,-1797.50581
460,CC(C)(C)OC(=O)Nc1cccc(-c2ccc3c(-c4c(O)ccc5cc(-c6cccc(NC(=O)OC(C)(C)C)c6)ccc45)c(O)ccc3c2)c1,Binol,460,20 44,0,-2183.418979
461,Oc1ccc2cc(-c3ccc(-c4ccco4)cc3)ccc2c1-c1c(O)ccc2cc(-c3ccc(-c4ccco4)cc3)ccc12,Binol,461,0 24,0,-1839.1351
462,Oc1ccc2cc(-c3ccc(-c4ccoc4)cc3)ccc2c1-c1c(O)ccc2cc(-c3ccc(-c4ccoc4)cc3)ccc12,Binol,462,0 24,0,-1839.124297
463,Oc1ccc2cc(-c3ccc4ccoc4c3)ccc2c1-c1c(O)ccc2cc(-c3ccc4ccoc4c3)ccc12,Binol,463,0 22,1,-1684.471573
464,Oc1ccc2cc(-c3cccc4ccoc34)ccc2c1-c1c(O)ccc2cc(-c3cccc4ccoc34)ccc12,Binol,464,0 22,1,-1684.472422
465,Oc1ccc2cc(-c3cccc4c3OCC4)ccc2c1-c1c(O)ccc2cc(-c3cccc4c3OCC4)ccc12,Binol,465,0 22,0,-1686.840541
466,Oc1ccc2cc(-c3cccc4c3OCCO4)ccc2c1-c1c(O)ccc2cc(-c3cccc4c3OCCO4)ccc12,Binol,466,0 23,1,-1837.146408
467,Oc1ccc2cc(-c3ccc4ccccc4c3)ccc2c1-c1c(O)ccc2cc(-c3ccc4ccccc4c3)ccc12,Binol,467,0 23,1,-1688.863641
468,Oc1ccc2cc(-c3ccc4c(c3)CCCC4)ccc2c1-c1c(O)ccc2cc(-c3ccc4c(c3)CCCC4)ccc12,Binol,468,0 23,2,-1693.588313
469,CC1(C)CCC(C)(C)c2cc(-c3ccc4c(-c5c(O)ccc6cc(-c7ccc8c(c7)C(C)(C)CCC8(C)C)ccc56)c(O)ccc4c3)ccc21,Binol,469,18 42,2,-2007.666169
470,Cc1cc2c(cc1-c1ccc3c(-c4c(O)ccc5cc(-c6cc7c(cc6C)C(C)(C)CCC7(C)C)ccc45)c(O)ccc3c1)C(C)(C)CCC2(C)C,Binol,470,14 39,0,-2086.189764
471,CC1(C)c2ccccc2-c2ccc(-c3ccc4c(-c5c(O)ccc6cc(-c7ccc8c(c7)C(C)(C)c7ccccc7-8)ccc56)c(O)ccc4c3)cc21,Binol,471,20 45,0,-2076.74858
472,CC1(C)c2ccccc2-c2cc(-c3ccc4c(-c5c(O)ccc6cc(-c7ccc8c(c7)-c7ccccc7C8(C)C)ccc56)c(O)ccc4c3)ccc21,Binol,472,19 44,2,-2076.747711
473,Oc1ccc2cc(-c3ccc4oc5ccccc5c4c3)ccc2c1-c1c(O)ccc2cc(-c3ccc4oc5ccccc5c4c3)ccc12,Binol,473,0 26,3,-1991.500357
474,CC(C)(C)c1ccc(-c2ccc(-c3ccc4c(-c5c(O)ccc6cc(-c7ccc(-c8ccc(C(C)(C)C)cc8)cc7)ccc56)c(O)ccc4c3)cc2)cc1,Binol,474,19 45,1,-2157.609314
475,Oc1ccc2cc(-c3ccc(-c4ccc(-c5ccccc5)cc4)cc3)ccc2c1-c1c(O)ccc2cc(-c3ccc(-c4ccc(-c5ccccc5)cc4)cc3)ccc12,Binol,475,0 31,1,-2305.198106
476,Oc1ccc2cc(-c3cccc4c3oc3c(-c5ccccc5)cccc34)ccc2c1-c1c(O)ccc2cc(-c3cccc4c3oc3c(-c5ccccc5)cccc34)ccc12,Binol,476,0 32,0,-2453.184112
477,Oc1ccc2cc(-c3cccc4c5ccccc5n(-c5ccccc5)c34)ccc2c1-c1c(O)ccc2cc(-c3cccc4c5ccccc5n(-c5ccccc5)c34)ccc12,Binol,477,0 32,1,-2413.468484
478,Oc1ccc2cc(-c3ccc(-n4c5ccccc5c5ccccc54)cc3)ccc2c1-c1c(O)ccc2cc(-c3ccc(-n4c5ccccc5c5ccccc54)cc3)ccc12,Binol,478,0 32,0,-2413.461769
479,Oc1ccc2cc(-c3c4ccccc4cc4ccccc34)ccc2c1-c1c(O)ccc2cc(-c3c4ccccc4cc4ccccc34)ccc12,Binol,479,0 27,1,-1995.854291
480,Oc1ccc2cc(-c3ccc(-c4c5ccccc5cc5ccccc45)cc3)ccc2c1-c1c(O)ccc2cc(-c3ccc(-c4c5ccccc5cc5ccccc45)cc3)ccc12,Binol,480,0 33,3,-2457.525503
481,N#Cc1ccc2ccc(O)c(-c3c(O)ccc4ccc(C#N)cc34)c2c1,Binol,481,9 13,0,-1104.548511
482,CCCCc1ccc2ccc(O)c(-c3c(O)ccc4ccc(CCCC)cc34)c2c1,Binol,482,11 15,0,-1234.275033
483,CCCCCCc1ccc2ccc(O)c(-c3c(O)ccc4ccc(CCCCCC)cc34)c2c1,Binol,483,13 17,0,-1391.317336
484,Cc1ccc(-c2ccc3ccc(O)c(-c4c(O)ccc5ccc(-c6ccc(C)cc6)cc45)c3c2)cc1,Binol,484,12 16,1,-1460.389442
485,CC(C)c1ccc(-c2ccc3ccc(O)c(-c4c(O)ccc5ccc(-c6ccc(C(C)C)cc6)cc45)c3c2)cc1,Binol,485,14 18,1,-1617.425569
486,CC(C)(C)c1ccc(-c2ccc3ccc(O)c(-c4c(O)ccc5ccc(-c6ccc(C(C)(C)C)cc6)cc45)c3c2)cc1,Binol,486,15 19,0,-1695.940137
487,CC(C)Cc1ccc(-c2ccc3ccc(O)c(-c4c(O)ccc5ccc(-c6ccc(CC(C)C)cc6)cc45)c3c2)cc1,Binol,487,15 19,1,-1695.948018
488,Oc1ccc2ccc(-c3ccc(C4CCCCC4)cc3)cc2c1-c1c(O)ccc2ccc(-c3ccc(C4CCCCC4)cc3)cc12,Binol,488,0 25,0,-1850.625061
489,Oc1ccc2ccc(-c3ccc(F)cc3)cc2c1-c1c(O)ccc2ccc(-c3ccc(F)cc3)cc12,Binol,489,0 20,0,-1580.199669
490,Oc1ccc2ccc(-c3ccc(C(F)(F)F)cc3)cc2c1-c1c(O)ccc2ccc(-c3ccc(C(F)(F)F)cc3)cc12,Binol,490,0 23,0,-2055.455323
491,Oc1ccc2ccc(-c3ccc(OC(F)(F)F)cc3)cc2c1-c1c(O)ccc2ccc(-c3ccc(OC(F)(F)F)cc3)cc12,Binol,491,0 24,0,-2205.776427
492,Oc1ccc2ccc(-c3ccc(OCc4ccccc4)cc3)cc2c1-c1c(O)ccc2ccc(-c3ccc(Oc4ccccc4)cc3)cc12,Binol,492,0 27,0,-2033.093754
493,Oc1ccc2ccc(-c3ccc(-c4ccccc4)cc3)cc2c1-c1c(O)ccc2ccc(-c3ccc(-c4ccccc4)cc3)cc12,Binol,493,0 25,3,-1843.52898
494,Oc1ccc2ccc(-c3cccc4ccccc34)cc2c1-c1c(O)ccc2ccc(-c3cccc4ccccc34)cc12,Binol,494,0 23,0,-1688.864082
495,COCCOc1ccc(-c2ccc3ccc(O)c(-c4c(O)ccc5ccc(-c6ccc(OCCOC)cc6)cc45)c3c2)cc1,Binol,495,16 20,0,-1918.005347
496,Oc1ccc2ccc(-c3ccc(OC4CCCCC4)cc3)cc2c1-c1c(O)ccc2ccc(-c3ccc(OC4CCCCO4)cc3)cc12,Binol,496,0 26,1,-2036.827855
497,Cc1cccc(-c2ccc3ccc(O)c(-c4c(O)ccc5ccc(-c6cccc(C)c6)cc45)c3c2)c1,Binol,497,13 17,0,-1460.389074
498,COc1cccc(-c2ccc3ccc(O)c(-c4c(O)ccc5ccc(-c6cccc(OC)c6)cc45)c3c2)c1,Binol,498,14 18,0,-1610.686017
499,Oc1ccc2ccc(-c3cccc(-c4ccccc4)c3)cc2c1-c1c(O)ccc2ccc(-c3cccc(-c4ccccc4)c3)cc12,Binol,499,0 25,0,-1843.537034
500,CC(C)(C)c1cccc(-c2ccc3ccc(O)c(-c4c(O)ccc5ccc(-c6cccc(C(C)(C)C)c6)cc45)c3c2)c1,Binol,500,16 20,0,-1695.949306
501,C[Si](C)(C)c1cccc(-c2ccc3ccc(O)c(-c4c(O)ccc5ccc(-c6cccc([Si](C)(C)C)c6)cc45)c3c2)c1,Binol,501,16 20,0,-2198.722817
502,CC(C)Cc1cccc(-c2ccc3ccc(O)c(-c4c(O)ccc5ccc(-c6cccc(CC(C)C)c6)cc45)c3c2)c1,Binol,502,16 20,0,-1695.953225
503,CC(C)Oc1cccc(-c2ccc3ccc(O)c(-c4c(O)ccc5ccc(-c6cccc(OC(C)C)c6)cc45)c3c2)c1,Binol,503,16 20,0,-1767.746033
504,CC(C)(C)Oc1cccc(-c2ccc3ccc(O)c(-c4c(O)ccc5ccc(-c6cccc(OC(C)(C)C)c6)cc45)c3c2)c1,Binol,504,17 21,0,-1846.257985
505,CCCCOc1cccc(-c2ccc3ccc(O)c(-c4c(O)ccc5ccc(-c6cccc(OCCCC)c6)cc45)c3c2)c1,Binol,505,17 21,0,-1846.252334
506,COCCOc1cccc(-c2ccc3ccc(O)c(-c4c(O)ccc5ccc(-c6cccc(OCCOC)c6)cc45)c3c2)c1,Binol,506,17 21,0,-1918.016283
507,Cc1ccccc1-c1ccc2ccc(O)c(-c3c(O)ccc4ccc(-c5ccccc5C)cc34)c2c1,Binol,507,14 18,0,-1460.382007
509,CC(C)(C)c1ccccc1-c1ccc2ccc(O)c(-c3c(O)ccc4ccc(-c5ccccc5C(C)(C)C)cc34)c2c1,Binol,509,17 21,0,-1695.922897
510,CCCCc1ccccc1-c1ccc2ccc(O)c(-c3c(O)ccc4ccc(-c5ccccc5CCCC)cc34)c2c1,Binol,510,17 21,0,-1695.943289
511,COc1ccccc1-c1ccc2ccc(O)c(-c3c(O)ccc4ccc(-c5ccccc5OC)cc34)c2c1,Binol,511,15 19,0,-1610.679251
512,CCCCOc1ccccc1-c1ccc2ccc(O)c(-c3c(O)ccc4ccc(-c5ccccc5OCCCC)cc34)c2c1,Binol,512,18 22,0,-1846.252869
513,CC(C)(C)Oc1ccccc1-c1ccc2ccc(O)c(-c3c(O)ccc4ccc(-c5ccccc5OC(C)(C)C)cc34)c2c1,Binol,513,18 22,6,-1846.258377
514,Oc1ccc2ccc(-c3ccccc3F)cc2c1-c1c(O)ccc2ccc(-c3ccccc3F)cc12,Binol,514,0 20,0,-1580.198927
515,Oc1ccc2ccc(-c3ccccc3C(F)(F)F)cc2c1-c1c(O)ccc2ccc(-c3ccccc3C(F)(F)F)cc12,Binol,515,0 23,0,-2055.444641
516,Oc1ccc2ccc(-c3cc(F)cc(F)c3)cc2c1-c1c(O)ccc2ccc(-c3cc(F)cc(F)c3)cc12,Binol,516,0 21,0,-1778.541175
517,Oc1ccc2ccc(-c3cc(C(F)(F)F)cc(C(F)(F)F)c3)cc2c1-c1c(O)ccc2ccc(-c3cc(C(F)(F)F)cc(C(F)(F)F)c3)cc12,Binol,517,0 27,0,-2729.050235
519,CC(C)(C)c1cc(-c2ccc3ccc(O)c(-c4c(O)ccc5ccc(-c6cc(C(C)(C)C)cc(C(C)(C)C)c6)cc45)c3c2)cc(C(C)(C)C)c1,Binol,519,14 18,0,-2010.034014
520,Cc1cc(C)cc(-c2ccc3ccc(O)c(-c4c(O)ccc5ccc(-c6cc(C)cc(C)c6)cc45)c3c2)c1,Binol,520,14 18,0,-1538.918892
521,COc1cc(OC)cc(-c2ccc3ccc(O)c(-c4c(O)ccc5ccc(-c6cc(OC)cc(OC)c6)cc45)c3c2)c1,Binol,521,16 20,0,-1839.508621
522,Cc1cc(C)c(-c2ccc3ccc(O)c(-c4c(O)ccc5ccc(-c6c(C)cc(C)cc6C)cc45)c3c2)c(C)c1,Binol,522,13 17,0,-1617.441889
523,CCOC(=O)c1ccc(-c2ccc3ccc(O)c(-c4c(O)ccc5ccc(-c6ccc(C(=O)OCC)cc6)cc45)c3c2)cc1,Binol,523,16 20,0,-1915.750294
524,N#Cc1ccc(-c2ccc3ccc(O)c(-c4c(O)ccc5ccc(-c6ccc(C#N)cc6)cc45)c3c2)cc1,Binol,524,13 17,0,-1566.223078
525,CC(=O)Nc1ccc(-c2ccc3ccc(O)c(-c4c(O)ccc5ccc(-c6ccc(NC(C)=O)cc6)cc45)c3c2)cc1,Binol,525,15 19,0,-1797.510389
526,CCOC(=O)c1cccc(-c2ccc3ccc(O)c(-c4c(O)ccc5ccc(-c6cccc(C(=O)OCC)c6)cc45)c3c2)c1,Binol,526,17 21,0,-1915.75101
527,CC(=O)Oc1ccc(-c2ccc3ccc(O)c(-c4c(O)ccc5ccc(-c6ccc(OC(C)=O)cc6)cc45)c3c2)cc1,Binol,527,15 19,0,-1837.2199
528,N#Cc1cccc(-c2ccc3ccc(O)c(-c4c(O)ccc5ccc(-c6cccc(C#N)c6)cc45)c3c2)c1,Binol,528,14 18,0,-1566.224522
529,CC(=O)Oc1cccc(-c2ccc3ccc(O)c(-c4c(O)ccc5ccc(-c6cccc(OC(C)=O)c6)cc45)c3c2)c1,Binol,529,16 20,0,-1837.224603
530,CC(=O)Nc1cccc(-c2ccc3ccc(O)c(-c4c(O)ccc5ccc(-c6cccc(NC(C)=O)c6)cc45)c3c2)c1,Binol,530,16 20,0,-1797.513187
531,CCCCCCOc1cc2ccccc2c(-c2c(O)ccc3ccccc23)c1O,Binol,531,18 28,3,-1230.8964
532,COc1ccc(-c2ccc(-c3cc4ccccc4c(-c4c(O)c(C)cc5ccccc45)c3O)cc2)cc1,Binol,532,21 32,1,-1535.530607
533,Cc1cc2c(cc1-c1cc3ccccc3c(-c3c(O)ccc4ccccc34)c1O)C(C)(C)CCC2(C)C,Binol,533,18 28,0,-1503.185817
534,CC(C)(C)[Si](C)(C)Oc1ccc(-c2cc3ccccc3c(-c3c(O)ccc4ccccc34)c2O)cc1,Binol,534,23 33,0,-1752.426507
535,CC(C)(C)[Si](C)(C)Oc1cccc(-c2cc3ccccc3c(-c3c(O)ccc4ccccc34)c2O)c1,Binol,535,24 34,1,-1752.426923
536,COc1cc2c(cc1-c1cc3ccccc3c(-c3c(O)ccc4ccccc34)c1O)-c1ccccc1C2(C)C,Binol,536,19 29,0,-1612.875663
537,COc1ccc(-c2cc3ccccc3c(-c3c(O)ccc4ccccc34)c2O)cc1C12CC3CC(CC(C3)C1)C2,Binol,537,17 27,0,-1654.493269
538,Oc1ccc2ccccc2c1-c1c(O)c(-c2cccc3c2oc2c(-c4ccccc4)cccc23)cc2ccccc12,Binol,538,0 13,0,-1686.680583
539,Oc1ccc2ccccc2c1-c1c(O)c(-c2cccc(-c3cccc4c3oc3ccccc34)c2)cc2ccccc12,Binol,539,0 13,1,-1686.677565
540,Oc1ccc2ccccc2c1-c1c(O)c(-c2ccc3c(c2)C2(CCCCC2)c2ccccc2-3)cc2ccccc12,Binol,540,0 13,1,-1615.061881
541,Oc1ccc2ccccc2c1-c1c(O)c(-c2ccc3c(c2)C2(c4ccccc4-3)[C@H]3C[C@@H]4C[C@@H](C[C@H]2C4)C3)cc2ccccc12,Binol,541,0 13,0,-1769.734137
542,Oc1ccc2ccccc2c1-c1c(O)c(-c2ccc3c(c2)C(c2ccccc2)(c2ccccc2)c2ccccc2-3)cc2ccccc12,Binol,542,0 13,0,-1881.601411
543,Oc1ccc2ccccc2c1-c1c(O)c(-c2ccc3c(c2)C2(c4ccccc4-c4ccccc42)c2ccccc2-3)cc2ccccc12,Binol,543,0 13,0,-1880.437228
544,CC1(C)c2ccccc2-c2ccc(-c3cccc(-c4cc5ccccc5c(-c5c(O)ccc6ccccc56)c4O)c3)cc21,Binol,544,29 39,1,-1729.300598
545,Oc1ccc2ccccc2c1-c1c(O)c(-c2ccc(-c3ccc4c(c3)C(c3ccccc3)(c3ccccc3)c3ccccc3-4)cc2)cc2ccccc12,Binol,545,0 13,1,-2112.436255
546,Oc1ccc2ccccc2c1-c1c(O)c(-c2ccc3c(c2)-c2ccccc2C3(c2ccccc2)c2ccccc2)cc2ccccc12,Binol,546,0 13,2,-1881.600081
547,CCCCc1ccc(-c2ccc(-c3cc4ccccc4c(-c4c(O)ccc5ccccc45)c3O)cc2)cc1,Binol,547,23 33,2,-1538.897627
548,CCCCC[C@H]1CC[C@H](c2ccc(-c3cc4ccccc4c(-c4c(O)ccc5ccccc45)c3O)cc2)CC1,Binol,548,24 34,0,-1581.701372
549,Cc1cc2ccccc2c(-c2c(O)c(-c3ccc4c(c3)oc3cccc(-c5ccccc5)c34)cc3ccccc23)c1O,Binol,549,12 41,0,-1725.942404
550,Oc1ccc2ccccc2c1-c1c(O)c(-c2ccc3occc3c2)cc2ccccc12,Binol,550,0 13,0,-1302.325796
551,CCCCCCOc1cc2ccccc2c(-c2c(O)c(-c3ccccc3)cc3ccccc23)c1O,Binol,551,18 34,0,-1461.73067
552,COc1ccc(-c2ccc(-c3cc4ccccc4c(-c4c(O)c(-c5ccccc5)cc5ccccc45)c3O)cc2)cc1,Binol,552,21 37,1,-1727.098716
553,Cc1cc2c(cc1-c1cc3ccccc3c(-c3c(O)c(-c4ccccc4)cc4ccccc34)c1O)C(C)(C)CCC2(C)C,Binol,553,18 34,0,-1734.01997
554,CC(C)(C)[Si](C)(C)Oc1ccc(-c2cc3ccccc3c(-c3c(O)c(-c4ccccc4)cc4ccccc34)c2O)cc1,Binol,554,23 39,2,-1983.260012
555,CC(C)(C)[Si](C)(C)Oc1cccc(-c2cc3ccccc3c(-c3c(O)c(-c4ccccc4)cc4ccccc34)c2O)c1,Binol,555,24 40,0,-1983.257159
556,COc1cc2c(cc1-c1cc3ccccc3c(-c3c(O)c(-c4ccccc4)cc4ccccc34)c1O)-c1ccccc1C2(C)C,Binol,556,19 35,0,-1843.709794
557,COc1ccc(-c2cc3ccccc3c(-c3c(O)c(-c4ccccc4)cc4ccccc34)c2O)cc1C12CC3CC(CC(C3)C1)C2,Binol,557,17 33,1,-1885.327544
558,Oc1c(-c2ccccc2)cc2ccccc2c1-c1c(O)c(-c2cccc3c2oc2c(-c4ccccc4)cccc23)cc2ccccc12,Binol,558,0 19,1,-1917.514623
559,Oc1c(-c2ccccc2)cc2ccccc2c1-c1c(O)c(-c2cccc(-c3cccc4c3oc3ccccc34)c2)cc2ccccc12,Binol,559,0 19,0,-1917.51446
561,Oc1c(-c2ccccc2)cc2ccccc2c1-c1c(O)c(-c2ccc3c(c2)C2(c4ccccc4-3)[C@H]3C[C@@H]4C[C@@H](C[C@H]2C4)C3)cc2ccccc12,Binol,561,0 19,0,-2000.568131
562,Oc1c(-c2ccccc2)cc2ccccc2c1-c1c(O)c(-c2ccc3c(c2)C(c2ccccc2)(c2ccccc2)c2ccccc2-3)cc2ccccc12,Binol,562,0 19,2,-2112.436975
563,Oc1c(-c2ccccc2)cc2ccccc2c1-c1c(O)c(-c2ccc3c(c2)C2(c4ccccc4-c4ccccc42)c2ccccc2-3)cc2ccccc12,Binol,563,0 19,1,-2111.271574
564,CC1(C)c2ccccc2-c2ccc(-c3cccc(-c4cc5ccccc5c(-c5c(O)c(-c6ccccc6)cc6ccccc56)c4O)c3)cc21,Binol,564,29 45,0,-1960.134585
565,Oc1c(-c2ccccc2)cc2ccccc2c1-c1c(O)c(-c2ccc(-c3ccc4c(c3)C(c3ccccc3)(c3ccccc3)c3ccccc3-4)cc2)cc2ccccc12,Binol,565,0 19,1,-2343.270234
566,Oc1c(-c2ccccc2)cc2ccccc2c1-c1c(O)c(-c2ccc3c(c2)-c2ccccc2C3(c2ccccc2)c2ccccc2)cc2ccccc12,Binol,566,0 19,1,-2112.433959
567,CCCCc1ccc(-c2ccc(-c3cc4ccccc4c(-c4c(O)c(-c5ccccc5)cc5ccccc45)c3O)cc2)cc1,Binol,567,23 39,3,-1769.731549
568,CCCCC[C@H]1CC[C@H](c2ccc(-c3cc4ccccc4c(-c4c(O)c(-c5ccccc5)cc5ccccc45)c3O)cc2)CC1,Binol,568,24 40,0,-1812.527689
569,Oc1c(-c2ccccc2)cc2ccccc2c1-c1c(O)c(-c2ccc3c(c2)oc2cccc(-c4ccccc4)c23)cc2ccccc12,Binol,569,0 19,1,-1917.510759
570,Oc1c(-c2ccccc2)cc2ccccc2c1-c1c(O)c(-c2ccc3occc3c2)cc2ccccc12,Binol,570,0 19,1,-1533.159963
571,CCCCCCOc1cc2ccccc2c(-c2c(O)c(-c3ccc(C4CCCCC4)cc3)cc3ccccc23)c1O,Binol,571,18 40,1,-1696.105221
572,COc1ccc(-c2ccc(-c3cc4ccccc4c(-c4c(O)c(-c5ccc(C6CCCCC6)cc5)cc5ccccc45)c3O)cc2)cc1,Binol,572,21 43,1,-1961.482348
573,Cc1cc2c(cc1-c1cc3ccccc3c(-c3c(O)c(-c4ccc(C5CCCCC5)cc4)cc4ccccc34)c1O)C(C)(C)CCC2(C)C,Binol,573,18 40,0,-1968.39623
574,CC(C)(C)[Si](C)(C)Oc1ccc(-c2cc3ccccc3c(-c3c(O)c(-c4ccc(C5CCCCC5)cc4)cc4ccccc34)c2O)cc1,Binol,574,23 45,1,-2217.634097
575,CC(C)(C)[Si](C)(C)Oc1cccc(-c2cc3ccccc3c(-c3c(O)c(-c4ccc(C5CCCCC5)cc4)cc4ccccc34)c2O)c1,Binol,575,24 46,0,-2217.632082
576,COc1cc2c(cc1-c1cc3ccccc3c(-c3c(O)c(-c4ccc(C5CCCCC5)cc4)cc4ccccc34)c1O)-c1ccccc1C2(C)C,Binol,576,19 41,0,-2078.088831
577,COc1ccc(-c2cc3ccccc3c(-c3c(O)c(-c4ccc(C5CCCCC5)cc4)cc4ccccc34)c2O)cc1[C@]12CC3CC(C[C@@H](C3)C1)C2,Binol,577,17 39,1,-2119.700557
578,Oc1c(-c2ccc(C3CCCCC3)cc2)cc2ccccc2c1-c1c(O)c(-c2cccc3c2oc2c(-c4ccccc4)cccc23)cc2ccccc12,Binol,578,0 25,0,-2151.902058
579,Oc1c(-c2ccc(C3CCCCC3)cc2)cc2ccccc2c1-c1c(O)c(-c2cccc(-c3cccc4c3oc3ccccc34)c2)cc2ccccc12,Binol,579,0 25,0,-2151.897284
580,Oc1c(-c2ccc(C3CCCCC3)cc2)cc2ccccc2c1-c1c(O)c(-c2ccc3c(c2)C2(CCCCC2)c2ccccc2-3)cc2ccccc12,Binol,580,0 25,2,-2080.280409
581,Oc1c(-c2ccc(C3CCCCC3)cc2)cc2ccccc2c1-c1c(O)c(-c2ccc3c(c2)C2(c4ccccc4-3)[C@H]3C[C@@H]4C[C@@H](C[C@H]2C4)C3)cc2ccccc12,Binol,581,0 25,0,-2234.941713
582,Oc1c(-c2ccc(C3CCCCC3)cc2)cc2ccccc2c1-c1c(O)c(-c2ccc3c(c2)C(c2ccccc2)(c2ccccc2)c2ccccc2-3)cc2ccccc12,Binol,582,0 25,2,-2346.815491
583,Oc1c(-c2ccc(C3CCCCC3)cc2)cc2ccccc2c1-c1c(O)c(-c2ccc3c(c2)C2(c4ccccc4-c4ccccc42)c2ccccc2-3)cc2ccccc12,Binol,583,0 25,2,-2345.65535
584,CC1(C)c2ccccc2-c2ccc(-c3cccc(-c4cc5ccccc5c(-c5c(O)c(-c6ccc(C7CCCCC7)cc6)cc6ccccc56)c4O)c3)cc21,Binol,584,29 51,0,-2194.518546
585,Oc1c(-c2ccc(-c3ccc4c(c3)C(c3ccccc3)(c3ccccc3)c3ccccc3-4)cc2)cc2ccccc2c1-c1c(O)c(-c2ccc(C3CCCCC3)cc2)cc2ccccc12,Binol,585,0 44,3,-2577.649101
586,Oc1c(-c2ccc(C3CCCCC3)cc2)cc2ccccc2c1-c1c(O)c(-c2ccc3c(c2)-c2ccccc2C3(c2ccccc2)c2ccccc2)cc2ccccc12,Binol,586,0 25,1,-2346.812704
587,CCCCc1ccc(-c2ccc(-c3cc4ccccc4c(-c4c(O)c(-c5ccc(C6CCCCC6)cc5)cc5ccccc45)c3O)cc2)cc1,Binol,587,23 45,3,-2004.115595
588,CCCCC[C@H]1CC[C@H](c2ccc(-c3cc4ccccc4c(-c4c(O)c(-c5ccc(C6CCCCC6)cc5)cc5ccccc45)c3O)cc2)CC1,Binol,588,24 46,0,-2046.91509
589,Oc1c(-c2ccc(C3CCCCC3)cc2)cc2ccccc2c1-c1c(O)c(-c2ccc3c(c2)oc2cccc(-c4ccccc4)c23)cc2ccccc12,Binol,589,0 25,0,-2151.885116
590,Oc1c(-c2ccc(C3CCCCC3)cc2)cc2ccccc2c1-c1c(O)c(-c2ccc3occc3c2)cc2ccccc12,Binol,590,0 25,1,-1767.543658
591,Oc1ccc2ccccc2c1-c1c(O)cc(-c2ccc(C3CCCCC3)cc2)c2ccccc12,Binol,591,0 13,1,-1385.400979
592,Oc1ccc2ccccc2c1-c1c(O)cc(-c2ccc(C34CC5C[C@H](C3)C[C@H](C5)C4)cc2)c2ccccc12,Binol,592,0 13,0,-1540.082419
593,Oc1ccc2ccccc2c1-c1c(O)cc(-c2ccc([Si](c3ccccc3)(c3ccccc3)c3ccccc3)cc2)c2ccccc12,Binol,593,0 13,1,-2134.149218
594,COCCOc1ccc(-c2cc(O)c(-c3c(O)ccc4ccccc34)c3ccccc23)cc1,Binol,594,12 16,1,-1419.090968
595,Cc1cc(-c2cc(O)c(-c3c(O)ccc4ccccc34)c3ccccc23)cc(C)c1OC(C)C,Binol,595,7 11,1,-1422.482519
596,CC(C)(C)c1cc(-c2cc(O)c(-c3c(O)ccc4ccccc34)c3ccccc23)cc(C(C)(C)C)c1,Binol,596,10 14,1,-1465.100708
597,Oc1ccc2ccccc2c1-c1c(O)cc(-c2cc(C(F)(F)F)cc(C(F)(F)F)c2)c2ccccc12,Binol,597,0 13,0,-1824.613201
598,COc1cc(OC)cc(-c2cc(O)c(-c3c(O)ccc4ccccc34)c3ccccc23)c1,Binol,598,12 16,2,-1379.83993
599,Oc1ccc2ccccc2c1-c1c(O)cc(-c2cccc3occc23)c2ccccc12,Binol,599,0 13,0,-1302.327014
600,Oc1ccc2ccccc2c1-c1c(O)cc(-c2cccc3ccccc23)c2ccccc12,Binol,600,0 13,0,-1304.521755
601,CC1(C)CCC(C)(C)c2cc(-c3cc(O)c(-c4c(O)ccc5ccccc45)c4ccccc34)ccc21,Binol,601,14 18,1,-1463.923129
602,CC1(C)c2ccccc2-c2ccc(-c3cc(O)c(-c4c(O)ccc5ccccc45)c4ccccc34)cc21,Binol,602,16 20,1,-1498.463895
603,Oc1ccc2ccccc2c1-c1c(O)cc(-c2ccc3c(c2)C2(CCCCC2)c2ccccc2-3)c2ccccc12,Binol,603,0 13,0,-1615.061466
604,Oc1ccc2ccccc2c1-c1c(O)cc(-c2ccc3c(c2)C2(c4ccccc4-c4ccccc42)c2ccccc2-3)c2ccccc12,Binol,604,0 13,0,-1880.437117
605,Oc1ccc2ccccc2c1-c1c(O)cc(-c2ccc3c(c2)C2(c4ccccc4-3)[C@H]3C[C@@H]4C[C@@H](C[C@H]2C4)C3)c2ccccc12,Binol,605,0 13,0,-1769.732248
606,Oc1ccc2ccccc2c1-c1c(O)cc(-c2ccc3c(c2)C(c2ccccc2)(c2ccccc2)c2ccccc2-3)c2ccccc12,Binol,606,0 13,0,-1881.601163
607,COc1ccc(-c2cc(O)c(-c3c(O)ccc4ccccc34)c3ccccc23)cc1C12C[C@H]3C[C@@H](C1)C[C@@H](C2)C3,Binol,607,9 13,0,-1654.492101
608,Oc1ccc2ccccc2c1-c1c(O)cc(-c2cccc3c2oc2c(-c4ccccc4)cccc23)c2ccccc12,Binol,608,0 13,0,-1686.679827
609,CC1(C)c2ccccc2-c2ccc(-c3cccc(-c4cc(O)c(-c5c(O)ccc6ccccc56)c5ccccc45)c3)cc21,Binol,609,21 25,0,-1729.300015
610,CC1(C)c2ccccc2-c2cc(-c3cc(O)c(-c4c(O)ccc5ccccc45)c4ccccc34)ccc21,Binol,610,15 19,0,-1498.463571
651,CCCCc1ccc2c(-c3c(O)c(-c4cc(C(C)(C)C)cc(C(C)(C)C)c4)cc4cc(CCCC)ccc34)c(O)c(-c3cc(C(C)(C)C)cc(C(C)(C)C)c3)cc2c1,Binol,651,11 39,1,-2324.10738
652,CCCCc1ccc2c(-c3c(O)c(-c4ccc5c(c4)C(C)(C)CCC5(C)C)cc4cc(CCCC)ccc34)c(O)c(-c3ccc4c(c3)C(C)(C)CCC4(C)C)cc2c1,Binol,652,11 39,0,-2321.74644
653,CCCCc1ccc2c(-c3c(O)c(-c4ccc5c(c4)C(C)(C)c4ccccc4-5)cc4cc(CCCC)ccc34)c(O)c(-c3ccc4c(c3)C(C)(C)c3ccccc3-4)cc2c1,Binol,653,11 40,0,-2390.833963
654,CCCCc1ccc2c(-c3c(O)c(-c4ccc5c(c4)C4(CCCC4)c4ccccc4-5)cc4cc(CCCC)ccc34)c(O)c(-c3ccc4c(c3)C3(CCCC3)c3ccccc3-4)cc2c1,Binol,654,11 42,0,-2545.494874
655,CCCCc1ccc(-c2cc3cc(CCCC)ccc3c(-c3c(O)c(-c4ccc(CCCC)cc4)cc4cc(CCCC)ccc34)c2O)cc1,Binol,655,23 47,0,-2010.027851
656,CCCCc1ccc2c(-c3c(O)c(-c4ccc(CC(C)C)cc4)cc4cc(CCCC)ccc34)c(O)c(-c3ccc(CC(C)C)cc3)cc2c1,Binol,656,11 35,1,-2010.031232
657,CCCCc1ccc2c(-c3c(O)c(-c4ccc(C5CCCCC5)cc4)cc4cc(CCCC)ccc34)c(O)c(-c3ccc(C4CCCCC4)cc3)cc2c1,Binol,657,11 37,0,-2164.692905
658,CCCCc1ccc2c(-c3c(O)c(-c4ccc([C@H]5CC[C@H](CCC)CC5)cc4)cc4cc(CCCC)ccc34)c(O)c(-c3ccc([C@H]4CC[C@H](CCC)CC4)cc3)cc2c1,Binol,658,11 40,0,-2400.267662
659,CCCCC[C@H]1CC[C@H](c2ccc(-c3cc4cc(CCCC)ccc4c(-c4c(O)c(-c5ccc([C@H]6CC[C@H](CCCCC)CC6)cc5)cc5cc(CCCC)ccc45)c3O)cc2)CC1,Binol,659,28 59,1,-2557.306468
660,CCCCc1ccc2c(-c3c(O)c(-c4cccc(C(C)C)c4)cc4cc(CCCC)ccc34)c(O)c(-c3cccc(C(C)C)c3)cc2c1,Binol,660,11 34,0,-1931.509133
674,CCCCc1ccc2c(-c3c(O)c(-c4cc5c(cc4C)C(C)(C)CCC5(C)C)cc4cc(CCCC)ccc34)c(O)c(-c3cc4c(cc3C)C(C)(C)CCC4(C)C)cc2c1,Binol,674,11 40,0,-2400.280167
675,CCCCc1ccc2c(-c3c(O)c(-c4ccc(O[Si](C)(C)C(C)(C)C)cc4)cc4cc(CCCC)ccc34)c(O)c(-c3ccc(O[Si](C)(C)C(C)(C)C)cc3)cc2c1,Binol,675,11 39,1,-2898.75566
677,CCCCc1ccc2c(-c3c(O)c(-c4ccc5c(c4)C4(CCCCC4)c4ccccc4-5)cc4cc(CCCC)ccc34)c(O)c(-c3ccc4c(c3)C3(CCCCC3)c3ccccc3-4)cc2c1,Binol,677,11 43,0,-2624.028809
678,CCCCc1ccc2c(-c3c(O)c(-c4ccc5c(c4)C4(c6ccccc6-5)[C@H]5C[C@@H]6C[C@@H](C[C@H]4C6)C5)cc4cc(CCCC)ccc34)c(O)c(-c3ccc4c(c3)C3(c5ccccc5-4)[C@H]4C[C@@H]5C[C@@H](C[C@H]3C5)C4)cc2c1,Binol,678,11 47,1,-2933.372486
679,CCCCc1ccc2c(-c3c(O)c(-c4ccc5c(c4)C(c4ccccc4)(c4ccccc4)c4ccccc4-5)cc4cc(CCCC)ccc34)c(O)c(-c3ccc4c(c3)C(c3ccccc3)(c3ccccc3)c3ccccc3-4)cc2c1,Binol,679,11 50,1,-3157.110006
680,CCCCc1ccc2c(-c3c(O)c(-c4ccc5c(c4)-c4ccccc4C5(c4ccccc4)c4ccccc4)cc4cc(CCCC)ccc34)c(O)c(-c3ccc4c(c3)-c3ccccc3C4(c3ccccc3)c3ccccc3)cc2c1,Binol,680,11 50,0,-3157.104188
681,CC(C)(C)c1cc(-c2cc3cc(-c4ccccc4)ccc3c(-c3c(O)c(-c4cc(C(C)(C)C)cc(C(C)(C)C)c4)cc4cc(-c5ccccc5)ccc34)c2O)cc(C(C)(C)C)c1,Binol,681,24 54,0,-2471.690408
682,CC1(C)CCC(C)(C)c2cc(-c3cc4cc(-c5ccccc5)ccc4c(-c4c(O)c(-c5ccc6c(c5)C(C)(C)CCC6(C)C)cc5cc(-c6ccccc6)ccc45)c3O)ccc21,Binol,682,28 58,1,-2469.335596
683,CC1(C)c2ccccc2-c2ccc(-c3cc4cc(-c5ccccc5)ccc4c(-c4c(O)c(-c5ccc6c(c5)C(C)(C)c5ccccc5-6)cc5cc(-c6ccccc6)ccc45)c3O)cc21,Binol,683,30 61,0,-2538.417522
684,Oc1c(-c2ccc3c(c2)C2(CCCC2)c2ccccc2-3)cc2cc(-c3ccccc3)ccc2c1-c1c(O)c(-c2ccc3c(c2)C2(CCCC2)c2ccccc2-3)cc2cc(-c3ccccc3)ccc12,Binol,684,0 36,0,-2693.078756
685,CCCCc1ccc(-c2cc3cc(-c4ccccc4)ccc3c(-c3c(O)c(-c4ccc(CCCC)cc4)cc4cc(-c5ccccc5)ccc34)c2O)cc1,Binol,685,25 51,0,-2157.611309
686,CC(C)Cc1ccc(-c2cc3cc(-c4ccccc4)ccc3c(-c3c(O)c(-c4ccc(CC(C)C)cc4)cc4cc(-c5ccccc5)ccc34)c2O)cc1,Binol,686,25 51,1,-2157.614011
687,Oc1c(-c2ccc(C3CCCCC3)cc2)cc2cc(-c3ccccc3)ccc2c1-c1c(O)c(-c2ccc(C3CCCCC3)cc2)cc2cc(-c3ccccc3)ccc12,Binol,687,0 31,0,-2312.291422
688,CCC[C@H]1CC[C@H](c2ccc(-c3cc4cc(-c5ccccc5)ccc4c(-c4c(O)c(-c5ccc([C@H]6CC[C@H](CCC)CC6)cc5)cc5cc(-c6ccccc6)ccc45)c3O)cc2)CC1,Binol,688,28 59,2,-2547.85163
689,CCCCC[C@H]1CC[C@H](c2ccc(-c3cc4cc(-c5ccccc5)ccc4c(-c4c(O)c(-c5ccc([C@H]6CC[C@H](CCCCC)CC6)cc5)cc5cc(-c6ccccc6)ccc45)c3O)cc2)CC1,Binol,689,30 63,0,-2704.890014
690,CC(C)c1cccc(-c2cc3cc(-c4ccccc4)ccc3c(-c3c(O)c(-c4cccc(C(C)C)c4)cc4cc(-c5ccccc5)ccc34)c2O)c1,Binol,690,25 50,0,-2079.092219
704,Cc1cc2c(cc1-c1cc3cc(-c4ccccc4)ccc3c(-c3c(O)c(-c4cc5c(cc4C)C(C)(C)CCC5(C)C)cc4cc(-c5ccccc5)ccc34)c1O)C(C)(C)CCC2(C)C,Binol,704,24 55,0,-2547.861542
705,CC(C)(C)[Si](C)(C)Oc1ccc(-c2cc3cc(-c4ccccc4)ccc3c(-c3c(O)c(-c4ccc(O[Si](C)(C)C(C)(C)C)cc4)cc4cc(-c5ccccc5)ccc34)c2O)cc1,Binol,705,29 59,0,-3046.337347
706,COc1ccc(-c2cc3cc(-c4ccccc4)ccc3c(-c3c(O)c(-c4ccc(OC)c([C@]56C[C@H]7C[C@H](C[C@H](C7)C5)C6)c4)cc4cc(-c5ccccc5)ccc34)c2O)cc1[C@]12CC3CC(C[C@@H](C3)C1)C2,Binol,706,23 57,1,-2850.473326
707,Oc1c(-c2ccc3c(c2)C2(CCCCC2)c2ccccc2-3)cc2cc(-c3ccccc3)ccc2c1-c1c(O)c(-c2ccc3c(c2)C2(CCCCC2)c2ccccc2-3)cc2cc(-c3ccccc3)ccc12,Binol,707,0 37,0,-2771.612283
708,Oc1c(-c2ccc3c(c2)C2(c4ccccc4-3)[C@H]3C[C@@H]4C[C@@H](C[C@H]2C4)C3)cc2cc(-c3ccccc3)ccc2c1-c1c(O)c(-c2ccc3c(c2)C2(c4ccccc4-3)[C@H]3C[C@@H]4C[C@@H](C[C@H]2C4)C3)cc2cc(-c3ccccc3)ccc12,Binol,708,0 41,0,-3080.95672
709,Oc1c(-c2ccc3c(c2)C(c2ccccc2)(c2ccccc2)c2ccccc2-3)cc2cc(-c3ccccc3)ccc2c1-c1c(O)c(-c2ccc3c(c2)C(c2ccccc2)(c2ccccc2)c2ccccc2-3)cc2cc(-c3ccccc3)ccc12,Binol,709,0 44,0,-3304.686627
710,Oc1c(-c2ccc3c(c2)-c2ccccc2C3(c2ccccc2)c2ccccc2)cc2cc(-c3ccccc3)ccc2c1-c1c(O)c(-c2ccc3c(c2)-c2ccccc2C3(c2ccccc2)c2ccccc2)cc2cc(-c3ccccc3)ccc12,Binol,710,0 44,1,-3304.687276
711,CCCCc1c([Si](CC)(CC)CC)c(O)c(-c2c(O)c([Si](CC)(CC)CC)c(CCCC)c3ccccc23)c2ccccc12,Binol,711,14 18,0,-2286.658948
712,CCCCc1c([Si](CC)(CC)CC)c(O)c(-c2c(O)c([Si](CC)(CC)CC)c(CCCC)c3ccccc23)c2ccccc12,Binol,712,14 18,0,-2286.658945
713,CCCCc1c([Si](C)(C)c2ccccc2)c(O)c(-c2c(O)c([Si](C)(C)c3ccccc3)c(CCCC)c3ccccc23)c2ccccc12,Binol,713,16 20,0,-2434.257295
714,CCCCc1c(-c2ccc(C3CCOCC3)cc2)c(O)c(-c2c(O)c(-c3ccc(C4CCOCC4)cc3)c(CCCC)c3ccccc23)c2ccccc12,Binol,714,19 23,1,-2236.462729
715,CCCCc1c(-c2cc3c(cc2C)C(C)(C)CCC3(C)C)c(O)c(-c2c(O)c(-c3cc4c(cc3C)C(C)(C)CCC4(C)C)c(CCCC)c3ccccc23)c2ccccc12,Binol,715,22 26,0,-2400.27652
716,CCCCc1c(-c2ccc(O[Si](C)(C)C(C)(C)C)cc2)c(O)c(-c2c(O)c(-c3ccc(O[Si](C)(C)C(C)(C)C)cc3)c(CCCC)c3ccccc23)c2ccccc12,Binol,716,21 25,0,-2898.744533
717,CCCCc1c(-c2ccc(OC)c([C@]34CC5CC(C[C@@H](C5)C3)C4)c2)c(O)c(-c2c(O)c(-c3ccc(OC)c([C@]45C[C@H]6C[C@H](C[C@H](C6)C4)C5)c3)c(CCCC)c3ccccc23)c2ccccc12,Binol,717,25 29,1,-2702.881284
718,CCCCc1c(-c2ccc3c(c2)C2(CCCCC2)c2ccccc2-3)c(O)c(-c2c(O)c(-c3ccc4c(c3)C3(CCCCC3)c3ccccc3-4)c(CCCC)c3ccccc23)c2ccccc12,Binol,718,25 29,0,-2624.022136
719,CCCCc1c(-c2ccc3c(c2)C2(c4ccccc4-3)[C@H]3C[C@@H]4C[C@@H](C[C@H]2C4)C3)c(O)c(-c2c(O)c(-c3ccc4c(c3)C3(c5ccccc5-4)[C@H]4C[C@@H]5C[C@@H](C[C@H]3C5)C4)c(CCCC)c3ccccc23)c2ccccc12,Binol,719,29 33,0,-2933.366269
720,CCCCc1c(-c2ccc3c(c2)C(c2ccccc2)(c2ccccc2)c2ccccc2-3)c(O)c(-c2c(O)c(-c3ccc4c(c3)C(c3ccccc3)(c3ccccc3)c3ccccc3-4)c(CCCC)c3ccccc23)c2ccccc12,Binol,720,32 36,0,-3157.109659
781,CCCCc1cc2ccccc2c(-c2c(O)c(CCCC)cc3ccccc23)c1O,Binol,781,15 29,0,-1234.275326
782,Oc1c(C2CCCCC2)cc2ccccc2c1-c1c(O)c(C2CCCCC2)cc2ccccc12,Binol,782,0 19,0,-1388.943048
783,O=Cc1ccc(-c2cc(O)c(-c3c(O)cc(-c4ccc(C=O)cc4)c4cc(Cl)ccc34)c3ccc(Cl)cc23)cc1,Binol,783,9 13,2,-2527.296408
784,Oc1cc(-c2ccncc2)c2cc(Cl)ccc2c1-c1c(O)cc(-c2ccncc2)c2cc(Cl)ccc12,Binol,784,0 20,0,-2332.884501
785,O=Cc1ccc(-c2ccc3c(-c4c(O)c(-c5ccc(C=O)cc5)cc5cc(-c6ccc(C=O)cc6)ccc45)c(O)c(-c4ccc(C=O)cc4)cc3c2)cc1,Binol,785,13 39,1,-2296.482141
786,COc1ccc(-c2ccc3c(-c4c(O)c(-c5ccc(OC)cc5)cc5cc(-c6ccc(OC)cc6)ccc45)c(O)c(-c4ccc(OC)cc4)cc3c2)cc1,Binol,786,13 39,0,-2301.167614
787,Cc1cc2c(C(C)C)c(O)c(O)c(C=O)c2c(O)c1-c1c(C)cc2c(C(C)C)c(O)c(O)c(C=O)c2c1O,Binol,787,17 37,0,-1761.408274
788,Cc1cc2c(C(C)C)c(O)c(O)cc2c(O)c1-c1c(C)cc2c(C(C)C)c(O)c(O)cc2c1O,Binol,788,15 33,0,-1534.906008
789,Cc1cc2c(C(C)C)c(O)c(O)c(C=O)c2c(O)c1-c1c(C)cc2c(C(C)C)c(O)c(O)c(C=O)c2c1O,Binol,789,17 37,0,-1761.408288
791,Cc1cc2c(c(O)c1-c1c(C)cc3c(c1O)/C(=C\O)C(=O)C(O)=C3C(C)C)/C(=C\O)C(=O)C(O)=C2C(C)C,Binol,791,6 15,0,-1761.376749
792,Cc1cc2c(C(C)C)c3c(c(C=O)c2c(O)c1-c1c(C)cc2c(C(C)C)c4c(c(C=O)c2c1O)OCO4)OCO3,Binol,792,15 33,0,-1837.517939
793,Cc1cc2c(C(C)C)c(O)c(O)c(CO)c2c(O)c1-c1c(C)cc2c(C(C)C)c(O)c(O)c(CO)c2c1O,Binol,793,17 37,0,-1763.729611
794,C/N=C/c1c(O)c(O)c(C(C)C)c2cc(C)c(-c3c(C)cc4c(C(C)C)c(O)c(O)c(/C=N/C)c4c3O)c(O)c12,Binol,794,36 38,0,-1800.183996
795,Oc1ccc2cc(C3CCCCC3)ccc2c1-c1c(O)ccc2cc(C3CCCCC3)ccc12,Binol,795,0 19,0,-1388.951339
797,C=CCOc1ccc2ccc(O)c(-c3c(O)ccc4ccc(OCC=C)cc34)c2c1,Binol,797,11 15,0,-1303.640985
798,Oc1ccc2ccc3cc2c1-c1c(O)ccc2ccc(cc12)OCCOCCO3,Binol,798,0 13,0,-1301.496661
799,Oc1ccc2ccc3cc2c1-c1c(O)ccc2ccc(cc12)OCCCCCCO3,Binol,799,0 13,0,-1304.869003
800,COc1cc2c(O)c(-c3c(C)cc4c(C(C)C)c(OC)c(OC)cc4c3O)c(C)cc2c(C(C)C)c1OC,Binol,800,6 26,0,-1691.90399
801,Oc1ccc2c(c1-c1c(O)ccc3c1CCCC3)CCCC2,Binol,801,0 9,0,-924.9075437
802,Oc1c(-c2ccccc2)cc2ccc(-c3ccccc3)cc2c1-c1c(O)c(-c2ccccc2)cc2ccc(-c3ccccc3)cc12,Binol,802,0 25,1,-1843.526082
803,Oc1ccc2c(-c3ccccc3)cccc2c1-c1c(O)ccc2c(-c3ccccc3)cccc12,Binol,803,0 19,0,-1381.850494
804,COc1c(C)cc(O)c(-c2c(O)ccc3ccccc23)c1C,Binol,804,7 11,0,-959.6144033
1001,CC(C)(C1=N[C@@H](C(C)(C)C)CO1)C1=N[C@@H](C(C)(C)C)CO1,Ligand_Box,1,4 13,3,-924.7872077
1002,CC(C)(C1=N[C@@H](c2ccccc2)CO1)C1=N[C@@H](c2ccccc2)CO1,Ligand_Box,2,4 15,0,-1072.358575
1003,CC(C)[C@@H]1COC(C(C)(C)C2=N[C@H](C(C)C)CO2)=N1,Ligand_Box,3,18 11,2,-846.264983
1004,CC(C)(C1=N[C@H](Cc2ccccc2)CO1)C1=N[C@H](Cc2ccccc2)CO1,Ligand_Box,4,16 4,0,-1150.888196
1005,CC(C)(C1=N[C@@H](c2ccccc2)C(c2ccccc2)(c2ccccc2)O1)C1=N[C@@H](c2ccccc2)C(c2ccccc2)(c2ccccc2)O1,Ligand_Box,5,27 4,1,-1995.694324
1006,CC(C)(C1=N[C@H](c2ccccc2)[C@H](c2ccccc2)O1)C1=N[C@H](c2ccccc2)[C@H](c2ccccc2)O1,Ligand_Box,6,4 21,0,-1534.032214
1007,CC(C)(C1=N[C@@H](c2ccccc2)[C@@H](c2ccccc2)O1)C1=N[C@@H](c2ccccc2)[C@@H](c2ccccc2)O1,Ligand_Box,7,4 21,1,-1534.032979
1008,CC(C)(C1=N[C@H]2c3ccccc3C[C@H]2O1)C1=N[C@H]2c3ccccc3C[C@H]2O1,Ligand_Box,8,16 4,0,-1148.533421
1009,CC(C)(C1=N[C@@H]2c3ccccc3C[C@@H]2O1)C1=N[C@@H]2c3ccccc3C[C@@H]2O1,Ligand_Box,9,16 4,0,-1148.533419
1010,CCC(CC)(C1=N[C@H]2c3ccccc3C[C@H]2O1)C1=N[C@H]2c3ccccc3C[C@H]2O1,Ligand_Box,10,18 6,0,-1227.050677
1011,c1ccc([C@H]2OC(C3(C4=N[C@@H](c5ccccc5)[C@@H](c5ccccc5)O4)CCCCC3)=N[C@H]2c2ccccc2)cc1,Ligand_Box,11,9 30,3,-1650.634597
1012,CC(C)(C)[C@@H]1COC(C2(C3=N[C@H](C(C)(C)C)CO3)CCCCC2)=N1,Ligand_Box,12,10 23,0,-1041.378417
1013,CC(C)(C)[C@H]1COC(C2(C3=N[C@@H](C(C)(C)C)CO3)CCCCC2)=N1,Ligand_Box,13,10 23,0,-1041.387513
1014,c1ccc(C[C@H]2COC(C3(C4=N[C@@H](Cc5ccccc5)CO4)CCCC3)=N2)cc1,Ligand_Box,14,26 11,1,-1228.21857
1015,CC(C)(C)[C@H]1COC(C2(C3=N[C@@H](C(C)(C)C)CO3)CCCC2)=N1,Ligand_Box,15,10 22,2,-1002.119896
1016,c1ccc([C@H]2COC(C3(C4=N[C@@H](c5ccccc5)CO4)CCCC3)=N2)cc1,Ligand_Box,16,24 10,1,-1149.693678
1017,CC(C)[C@H]1COC(C2(C3=N[C@@H](C(C)C)CO3)CC2)=N1,Ligand_Box,17,9 18,0,-845.0470679
1018,CC(C)(C)OC(=O)[C@@H]1COC(C2(C3=N[C@H](C(=O)OC(C)(C)C)CO3)CC2)=N1,Ligand_Box,18,26 13,5,-1300.406734
1019,c1ccc2c(c1)C[C@H]1OC(C3(C4=N[C@H]5c6ccccc6C[C@H]5O4)CC3)=N[C@@H]21,Ligand_Box,19,25 12,0,-1147.313977
1020,c1ccc([C@H]2OC(C3(C4=N[C@@H](c5ccccc5)[C@@H](c5ccccc5)O4)CC3)=N[C@H]2c2ccccc2)cc1,Ligand_Box,20,9 27,0,-1532.815707
1021,c1ccc(CC(Cc2ccccc2)(C2=N[C@H](c3ccccc3)[C@H](c3ccccc3)O2)C2=N[C@H](c3ccccc3)[C@H](c3ccccc3)O2)cc1,Ligand_Box,21,14 31,1,-1995.692533
1022,c1ccc(CC(Cc2ccccc2)(C2=N[C@@H](c3ccccc3)CO2)C2=N[C@@H](c3ccccc3)CO2)cc1,Ligand_Box,22,25 14,2,-1534.023098
1023,CC(C)(C)c1ccc(CC(Cc2ccc(C(C)(C)C)cc2)(C2=N[C@@H](c3ccccc3)[C@@H](c3ccccc3)O2)C2=N[C@@H](c3ccccc3)[C@@H](c3ccccc3)O2)cc1,Ligand_Box,23,22 39,0,-2309.776028
1024,CC(C)(C)c1ccc(CC(Cc2ccc(C(C)(C)C)cc2)(C2=N[C@@H](c3ccccc3)CO2)C2=N[C@@H](c3ccccc3)CO2)cc1,Ligand_Box,24,33 22,0,-1848.107801
1025,CC(Cc1ccccc1)(C1=N[C@@H](c2ccccc2)CO1)C1=N[C@@H](c2ccccc2)CO1,Ligand_Box,25,10 21,0,-1303.193117
1026,c1ccc(CC(Cc2ccccc2)(C2=N[C@@H](c3ccccc3)[C@@H](c3ccccc3)O2)C2=N[C@@H](c3ccccc3)[C@@H](c3ccccc3)O2)cc1,Ligand_Box,26,14 31,1,-1995.696517
1027,CC(Cc1ccccc1)(C1=N[C@H](c2ccccc2)[C@H](c2ccccc2)O1)C1=N[C@H](c2ccccc2)[C@H](c2ccccc2)O1,Ligand_Box,27,10 27,4,-1764.861718
1028,CC(C)[C@@H]1COC(C(Cc2ccccc2)(Cc2ccccc2)C2=N[C@H](C(C)C)CO2)=N1,Ligand_Box,28,30 23,1,-1307.925837
1029,CC(C)[C@H]1COC(C(Cc2ccc(C(C)(C)C)cc2)(Cc2ccc(C(C)(C)C)cc2)C2=N[C@@H](C(C)C)CO2)=N1,Ligand_Box,29,38 31,0,-1622.00837
1030,c1ccc(C[C@H]2COC(C(Cc3ccccc3)(Cc3ccccc3)C3=N[C@@H](Cc4ccccc4)CO3)=N2)cc1,Ligand_Box,30,25 36,0,-1612.547877
1031,c1ccc2c(c1)C[C@@H]1OC(C3(C4=N[C@@H]5c6ccccc6C[C@@H]5O4)CCCC3)=N[C@H]21,Ligand_Box,31,27 12,0,-1225.865898
1032,c1ccc([C@H]2OC(C3(C4=N[C@@H](c5ccccc5)[C@@H](c5ccccc5)O4)CCCC3)=N[C@H]2c2ccccc2)cc1,Ligand_Box,32,9 29,0,-1611.364108
1033,c1ccc([C@@H]2COC(C3(C4=N[C@H](c5ccccc5)CO4)CCCCC3)=N2)cc1,Ligand_Box,33,25 10,1,-1188.961784
1034,CC(C)(C)c1cc(CC(Cc2cc(C(C)(C)C)cc(C(C)(C)C)c2)(C2=N[C@H]3c4ccccc4C[C@H]3O2)C2=N[C@H]3c4ccccc4C[C@H]3O2)cc(C(C)(C)C)c1,Ligand_Box,34,25 37,1,-2238.36189
1035,C[C@@H]1COC(C(Cc2ccccc2)(Cc2ccccc2)C2=N[C@H](C)CO2)=N1,Ligand_Box,35,26 21,4,-1150.883527
1036,CC(C)(C1=N[C@H](c2ccccc2)CO1)C1=N[C@H](c2ccccc2)CO1,Ligand_Box,36,4 15,4,-1072.360523
1037,CC(C)[C@H]1COC(C2(C3=N[C@@H](C(C)C)CO3)CCCCC2)=N1,Ligand_Box,37,9 21,2,-962.8650477
1038,CC(C)(C)[C@@H]1COC(CC2=N[C@H](C(C)(C)C)CO2)=N1,Ligand_Box,38,10 18,1,-846.2631981
1039,c1ccc([C@@H]2COC(C3(C4=N[C@H](c5ccccc5)CO4)CC3)=N2)cc1,Ligand_Box,39,10 22,0,-1071.142417
1040,CC(C)[C@@H]1COC(CC2=N[C@H](C(C)C)CO2)=N1,Ligand_Box,40,16 9,3,-767.7407516
1041,CC(C)[C@@H]1COC(c2cccc(C3=N[C@H](C(C)C)CO3)n2)=N1,Ligand_Box,41,21 20 13,0,-975.3489125
1042,CC(C)[C@H]1COC(c2cccc(C3=N[C@@H](C(C)C)CO3)n2)=N1,Ligand_Box,42,21 20 13,0,-975.3489125
1043,c1ccc([C@@H]2COC(c3cccc(C4=N[C@H](c5ccccc5)CO4)n3)=N2)cc1,Ligand_Box,43,24 25 14,1,-1201.443599
1044,c1ccc([C@H]2COC(c3cccc(C4=N[C@@H](c5ccccc5)CO4)n3)=N2)cc1,Ligand_Box,44,24 25 14,0,-1201.443303
1045,c1ccc(C[C@@H]2COC(c3cccc(C4=N[C@H](Cc5ccccc5)CO4)n3)=N2)cc1,Ligand_Box,45,26 27 15,0,-1279.968702
1046,c1cc(C2=N[C@H]3c4ccccc4C[C@H]3O2)nc(C2=N[C@H]3c4ccccc4C[C@H]3O2)c1,Ligand_Box,46,18 4 15,0,-1277.615075
1047,c1cc(C2=N[C@@H]3c4ccccc4C[C@@H]3O2)nc(C2=N[C@@H]3c4ccccc4C[C@@H]3O2)c1,Ligand_Box,47,18 4 15,0,-1277.615065
1048,C(\C1=N[C@H](c2ccccc2)CO1)=c1\[n-]/c(=C\C2=N[C@H](c3ccccc3)CO2)c2ccccc12,Ligand_Box,48,17 2 13,0,-1393.650658
1049,c1ccc([C@H]2N=C(c3cccc(C4=N[C@H](c5ccccc5)[C@H](c5ccccc5)O4)n3)O[C@H]2c2ccccc2)cc1,Ligand_Box,49,29 13 5,1,-1663.108881
1050,CC(C)[C@H]1N=C(c2cccc(C3=N[C@H](C(C)C)C(c4ccccc4)(c4ccccc4)O3)n2)OC1(c1ccccc1)c1ccccc1,Ligand_Box,50,4 12 31,0,-1898.675751
1051,CC(C)(C)[C@H]1COC(C2=N[C@@H](C(C)(C)C)CO2)=N1,Ligand_Box,51,9 17,1,-806.9917463
1052,c1ccc2c(c1)C[C@H]1OC(C3=N[C@H]4c5ccccc5C[C@H]4O3)=N[C@@H]21,Ligand_Box,52,11 22,0,-1030.735569
1053,c1ccc([C@@H]2COC(C3=N[C@H](c4ccccc4)CO3)=N2)cc1,Ligand_Box,53,9 19,0,-954.5647522
1054,c1ccc(C[C@@H]2COC(C3=N[C@H](Cc4ccccc4)CO3)=N2)cc1,Ligand_Box,54,10 21,0,-1033.091065
1055,c1ccc(C[C@H]2COC(C3=N[C@@H](Cc4ccccc4)CO3)=N2)cc1,Ligand_Box,55,10 21,0,-1033.091076
1056,C[C@H]1COC(C2=N[C@@H](C)CO2)=N1,Ligand_Box,56,11 6,0,-571.4282178
1057,CC(C)C[C@@H]1COC(C2=N[C@H](CC(C)C)CO2)=N1,Ligand_Box,57,9 17,0,-806.9877797
1058,C1CCC([C@H]2COC(C3=N[C@@H](C4CCCCC4)CO3)=N2)CC1,Ligand_Box,58,9 19,0,-961.6661462
1059,c1ccc([C@H]2COC(C3=N[C@@H](c4ccccc4)CO3)=N2)cc1,Ligand_Box,59,9 19,0,-954.5647571
1061,C[C@H]1COC(c2ccc(C(F)(F)F)cn2)=N1,Ligand_Box,61,14 15,0,-869.9753069
1062,c1ccc(C[C@H]2COC(c3ccccn3)=N2)cc1,Ligand_Box,62,14 15,0,-764.0089485
1063,CC(C)(C)[C@@H]1COC(c2ccc(C(F)(F)F)cn2)=N1,Ligand_Box,63,17 18,0,-987.756862
1064,CC(C)[C@@H]1COC(c2nccc3ccccc23)=N1,Ligand_Box,64,8 17,0,-765.2009547
1065,c1ccc([C@@H]2COC(c3ccccn3)=N2)cc1,Ligand_Box,65,13 14,0,-724.746776
1066,CC(C)[C@H]1COC(c2ccccn2)=N1,Ligand_Box,66,12 13,0,-611.69952
1067,FC(F)(F)c1ccnc(C2=N[C@@H](Cc3ccccc3)CO2)c1,Ligand_Box,67,10 7,0,-1100.805638
1068,CC(C)[C@@H]1COC(Cc2ccccn2)=N1,Ligand_Box,68,13 14,0,-650.9622206
1069,CC(C)(C)[C@H]1COC(c2ccccn2)=N1,Ligand_Box,69,13 14,0,-650.9603345
1070,CC(C)[C@@H]1COC(c2ccc3cccnc3n2)=N1,Ligand_Box,70,16 17,0,-781.2378695
1071,c1ccc(C2=N[C@H]3c4ccccc4C[C@H]3O2)nc1,Ligand_Box,71,16 5,0,-762.8325198
1072,c1ccc(C[C@H]2COC(c3ccc4ccccc4n3)=N2)cc1,Ligand_Box,72,18 19,0,-917.5151879
1073,Fc1ccc(C2=N[C@@H](Cc3ccccc3)CO2)nc1,Ligand_Box,73,17 6,0,-863.1783062
1074,FC(F)(F)c1ccc(C2=N[C@@H](c3ccccc3)[C@@H](c3ccccc3)O2)nc1,Ligand_Box,74,9 25,0,-1292.377378
1075,CC(C)[C@H]1COC(c2ccc(C(F)(F)F)cn2)=N1,Ligand_Box,75,16 17,0,-948.4960275
1076,FC(F)(F)c1ccc(C2=N[C@@H](Cc3ccccc3)CO2)nc1,Ligand_Box,76,9 20,0,-1100.805579
1077,CC(C)(C)[C@H]1COC(c2ccc3ccccc3n2)=N1,Ligand_Box,77,17 18,0,-804.4663888
1078,c1ccc([C@H]2COC(c3cccc4c3oc3c(C5=N[C@@H](c6ccccc6)CO5)cccc34)=N2)cc1,Ligand_Box,78,32 18 14,1,-1490.233608
1079,c1ccc(C[C@@H]2COC(c3cccc(-c4cccc(C5=N[C@H](Cc6ccccc6)CO5)n4)n3)=N2)cc1,Ligand_Box,79,32 33 20 31,0,-1526.847484
1080,CC(C)C[C@H]1COC(c2ccccc2P(c2ccccc2)c2ccccc2C2=N[C@@H](CC(C)C)CO2)=N1,Ligand_Box,80,28 14 36,0,-1841.351686
1081,Cc1ccc(S(=O)(=O)N2C(c3cccc(C4=N[C@@H](c5ccccc5)[C@H](c5ccccc5)N4S(=O)(=O)c4ccc(C)cc4)c3)=N[C@@H](c3ccccc3)[C@@H]2c2ccccc2)cc1,Ligand_Box,81,16 43,0,-3244.251941
1082,c1ccc([C@@H]2N=C(c3cccc(C4=N[C@@H](c5ccccc5)[C@H](c5ccccc5)N4)c3)N[C@H]2c2ccccc2)cc1,Ligand_Box,82,5 13,0,-1607.358369
1083,c1ccc([C@H]2COC(c3cccc(C4=N[C@@H](c5ccccc5)CO4)c3)=N2)cc1,Ligand_Box,83,25 14,2,-1185.417111
1084,c1ccc(C[C@@H]2COC(c3cccc(C4=N[C@H](Cc5ccccc5)CO4)c3)=N2)cc1,Ligand_Box,84,27 15,0,-1263.941857
1085,CC(C)[C@H]1COC(c2cccc(C3=N[C@@H](C(C)C)CO3)c2)=N1,Ligand_Box,85,21 13,1,-959.3224258
1086,c1ccc(C[C@H]2COC(C(Cc3ccc4ccccc4n3)(Cc3ccc4ccccc4n3)C3=N[C@@H](Cc4ccccc4)CO3)=N2)cc1,Ligand_Box,86,33 44,0,-1951.637558
1087,CC[C@@H](C)[C@H]1CN(c2cccc(C(C)(C)C)c2)C(C2=N[C@@H]([C@H](C)CC)CN2c2cccc(C(C)(C)C)c2)=N1,Ligand_Box,87,19 37,0,-1543.021699
1091,Cc1ccc(N2C[C@H](CC(C)C)N=C2C2=N[C@@H](CC(C)C)CN2c2ccc(C)cc2)cc1,Ligand_Box,91,12 15,1,-1307.466211
1092,Cc1ccc(N2C[C@H](C(C)(C)C)N=C2C2=N[C@@H](C(C)(C)C)CN2c2ccc(C)cc2)cc1,Ligand_Box,92,12 15,0,-1307.470214
1093,CC(C)C[C@H]1CN(c2cccc(C(C)(C)C)c2)C(C2=N[C@@H](CC(C)C)CN2c2cccc(C(C)(C)C)c2)=N1,Ligand_Box,93,19 37,1,-1543.017894
1094,CC(C)c1cccc(N2C[C@H](C(C)C)N=C2C2=N[C@@H](C(C)C)CN2c2cccc(C(C)C)c2)c1,Ligand_Box,94,14 17,0,-1385.989932
1095,CC(C)[C@H]1CN(c2ccc(C(F)(F)F)cc2)C(C2=N[C@@H](C(C)C)CN2c2ccc(C(F)(F)F)cc2)=N1,Ligand_Box,95,18 35,0,-1824.017689
1096,Cc1ccc(N2C[C@H](C(C)C)N=C2C2=N[C@@H](C(C)C)CN2c2ccc(C)cc2)cc1,Ligand_Box,96,11 14,0,-1228.948101
1097,N#C/C(C1=N[C@@H](c2ccccc2)CO1)=C1/[N-][C@@H](c2ccccc2)CO1,Ligand_Box,97,4 15,2,-1085.486043
1098,CC(C)[C@H]1COC(/C(C#N)=C2\[N-][C@@H](C(C)C)CO2)=N1,Ligand_Box,98,11 18,6,-859.3852808
1099,N#C/C(C1=N[C@H](c2ccccc2)[C@H](c2ccccc2)O1)=C1/[N-][C@H](c2ccccc2)[C@H](c2ccccc2)O1,Ligand_Box,99,4 21,0,-1547.161777
1100,N#C/C(C1=N[C@@H](Cc2ccccc2)CO1)=C1/[N-][C@@H](Cc2ccccc2)CO1,Ligand_Box,100,4 16,0,-1164.01035
1101,N[C@H]1c2ccccc2C[C@H]1[O-],Ligand_Other,101,0 10,0,-478.4750351
1102,[O-]C(c1ccccc1)(c1ccccc1)[C@H]1CCCN1,Ligand_Other,102,0 18,4,-787.8268535
1103,[O-]C(c1ccccc1)(c1ccccc1)[C@@H]1CCCN1,Ligand_Other,103,0 18,2,-787.8362346
1104,N[C@@H](c1ccccc1)[C@H]([O-])c1ccccc1,Ligand_Other,104,0 9,1,-671.2387181
1105,N[C@@H]1CCCC[C@H]1[O-],Ligand_Other,105,0 7,0,-365.4171147
1106,N[C@@H](C[O-])Cc1ccccc1,Ligand_Other,106,0 3,0,-479.6485701
1107,[O-]C[C@@H]1CCCN1Cc1ccccc1,Ligand_Other,107,0 6,0,-596.2244044
1108,N[C@H](C[O-])Cc1ccccc1,Ligand_Other,108,0 3,1,-479.6493962
1109,[O-]C[C@@H]1CCCN1,Ligand_Other,109,0 6,0,-326.127563
1110,CC(C)(C)[C@@H](N)C[O-],Ligand_Other,110,5 7,0,-366.5936045
1111,CC(C)[C@H](N)C[O-],Ligand_Other,111,4 6,0,-327.333821
1112,CC(C)[C@@H](N)C[O-],Ligand_Other,112,4 6,0,-327.333821
1113,N[C@@H](C[O-])c1ccccc1,Ligand_Other,113,0 3,1,-440.3907373
1114,[O-]C(c1cc(C(F)(F)F)cc(C(F)(F)F)c1)(c1cc(C(F)(F)F)cc(C(F)(F)F)c1)[C@H]1CCCN1,Ligand_Other,114,0 34,0,-2135.060687
1115,O=C(N[C@H](c1ccccc1)[C@@H]([O-])c1ccccc1)[C@@H]1CCCN1,Ligand_Other,115,2 22,0,-995.6707535
1116,O=C(N[C@@H](c1ccccc1)[C@H]([O-])c1ccccc1)[C@@H]1CCCN1,Ligand_Other,116,2 22,0,-995.6703462
1117,COc1nc2ccc(Br)cc2cc1[C@@H](c1ccccc1)[C@@]([O-])(CCN(C)C)c1ccc2ccccc2c1,Ligand_Other,117,24 21,0,-4069.87959
1118,CC(C)(C)c1cc(/C=N/[C@@H]2CCCC[C@H]2/N=C/c2cc(C(C)(C)C)cc(C(C)(C)C)c2[O-])c([O-])c(C(C)(C)C)c1,Ligand_Other,118,8 15,1,-1661.320129
1119,CC(C)(C)c1cc(/C=N/[C@H]2CCCC[C@@H]2/N=C/c2cc(C(C)(C)C)cc(C(C)(C)C)c2[O-])c([O-])c(C(C)(C)C)c1,Ligand_Other,119,8 15,1,-1661.320427
1121,CC(C)C[C@@H](N)c1nc2ccccc2[nH]1,Ligand_Other,121,5 14 7,1,-631.1189381
1122,CN[C@@H]1CCCC[C@H]1NC,Ligand_Other,122,8 1,0,-424.657817
1123,c1ccc(CN2CCC[C@@H]2[C@H]2CCCN2Cc2ccccn2)nc1,Ligand_Other,123,21 5 22 14,0,-995.7220569
1124,CC1(C)[C@@H]2Cc3ccc(-c4ccc5c(n4)[C@H]4C[C@@H](C5)C4(C)C)nc3[C@H]1C2,Ligand_Other,124,14 22,0,-1039.794963
1125,CC(C)(C)[C@H]1CN2C[C@H](C(C)(C)C)[N-]C2=N1,Ligand_Other,125,13 6 15,0,-673.33055
1126,C1CCN2C[C@@H]3C[C@@H](CN4CCCC[C@@H]34)[C@H]2C1,Ligand_Other,126,9 3,0,-695.9345209
1127,CCN(CC)[C@@H]1CCCC[C@H]1NC(=S)Nc1cc(C(F)(F)F)cc(C(F)(F)F)c1,Ligand_Other,127,2 11,0,-1899.093947
1128,O=C(N[C@H]1CCCC[C@@H]1NC(=O)c1ccccn1)c1ccccn1,Ligand_Other,128,9 2 17 23,0,-1066.431466
1129,C=C[C@@H]1C[N@@]2CC[C@H]1C[C@@H]2[C@H](N)c1ccnc2ccc(OC)cc12,Ligand_Other,129,11 4,0,-1015.561433
1130,C=C[C@@H]1C[N@@]2CC[C@H]1C[C@H]2[C@H](N)c1ccnc2ccc(OC)cc12,Ligand_Other,130,11 4,0,-1015.556456
1131,[O-][C@@H]1CCCC[C@H]1[O-],Ligand_Other,131,0 7,0,-384.5074297
1132,CC1(C)[C@@H]2C[C@@H]([O-])[C@@](C)([O-])[C@H]1C2,Ligand_Other,132,6 9,0,-540.3370829
1133,[O-]C[C@@H]1CCCC[C@H]1C[O-],Ligand_Other,133,0 9,0,-463.072022
1134,[O-][C@@H](c1ccccc1)C([O-])(c1ccccc1)c1ccccc1,Ligand_Other,134,0 9,0,-921.2481744
1136,CC1(C)O[C@H](C([O-])(c2ccccc2)c2ccccc2)[C@@H](C([O-])(c2ccccc2)c2ccccc2)O1,Ligand_Other,136,6 21,3,-1497.557147
1137,CC1(c2ccccc2)O[C@@H](C([O-])(c2ccccc2)c2ccccc2)[C@H](C([O-])(c2ccccc2)c2ccccc2)O1,Ligand_Other,137,11 26,5,-1689.135424
1138,CC1(C)O[C@@H](C([O-])(c2cccc3ccccc23)c2cccc3ccccc23)[C@H](C([O-])(c2cccc3ccccc23)c2cccc3ccccc23)O1,Ligand_Other,138,6 29,0,-2111.547452
1139,[O-]C(c1ccccc1)(c1ccccc1)[C@H]1OC2(CCCCC2)O[C@@H]1C([O-])(c1ccccc1)c1ccccc1,Ligand_Other,139,0 25,2,-1614.153477
1140,CC1(C)O[C@@H](C[O-])[C@H](C[O-])O1,Ligand_Other,140,6 9,0,-574.1407143
1141,C1CCN2C[C@H]3C[C@H](CN4CCCC[C@@H]34)[C@H]2C1,Ligand_Other,141,9 3,0,-695.9272943
1142,NC(=O)[C@@H]1CC(F)(F)CN1,Ligand_Other,142,0 9,0,-579.2434339
1143,O=C(N[C@H]1CCCC[C@@H]1NC(=O)c1ccccn1)c1ccccn1,Ligand_Other,143,9 2 17 23,0,-1066.417296
1144,c1ccc(CN[C@@H]2CCCC[C@H]2NCc2ccccc2)cc1,Ligand_Other,144,12 5,0,-886.3100667
1145,COc1ccc([C@H](N)[C@@H](N)c2ccc(OC)cc2)cc1,Ligand_Other,145,9 7,0,-880.7644659
1146,CN[C@H](c1ccccc1)[C@H](NC)c1ccccc1,Ligand_Other,146,1 10,0,-730.4598814
1147,O=C(N[C@H]1CCCC[C@@H]1NC(=O)c1ccccc1P(c1ccccc1)c1ccccc1)c1ccccc1P(c1ccccc1)c1ccccc1,Ligand_Other,147,9 2,0,-2641.38663
1148,O=C(N[C@@H](c1ccccc1)[C@@H](NC(=O)c1ccccc1P(c1ccccc1)c1ccccc1)c1ccccc1)c1ccccc1P(c1ccccc1)c1ccccc1,Ligand_Other,148,2 11,0,-2947.2013
1149,O=S(=O)(N[C@@H](c1ccccc1)[C@@H](NS(=O)(=O)C(F)(F)F)c1ccccc1)C(F)(F)F,Ligand_Other,149,3 12,0,-2422.191334
1150,[O-]c1ccccc1/C=N/[C@@H](c1ccccc1)[C@@H](/N=C/c1ccccc1[O-])c1ccccc1,Ligand_Other,150,8 17,0,-1338.945921
1151,c1ccc([C@@H]2COC(C3(C4=N[C@H](c5ccccc5)CO4)CCC3)=N2)cc1,Ligand_Box,151,10 23,0,-1110.405334
1152,c1ccc(C[C@H]2COC(C3(C4=N[C@@H](Cc5ccccc5)CO4)CCC3)=N2)cc1,Ligand_Box,152,25 11,0,-1188.932527
1153,CC(C)(C)[C@H]1COC(C2(C3=N[C@@H](C(C)(C)C)CO3)CCC2)=N1,Ligand_Box,153,10 21,0,-962.8318746
1154,c1ccc2c(c1)C[C@@H]1OC(C3(C4=N[C@@H]5c6ccccc6C[C@@H]5O4)CCC3)=N[C@H]21,Ligand_Box,154,26 12,3,-1186.577848
1155,c1ccc2c(c1)CC(C1=N[C@@H]3c4ccccc4C[C@@H]3O1)(C1=N[C@@H]3c4ccccc4C[C@@H]3O1)C2,Ligand_Box,155,9 21,0,-1378.182059
1156,CC(C)(C1=N[C@@H](C(C)(C)C)CO1)c1ccccn1,Ligand_Box,156,17 4,0,-768.7447589
1157,CC(C)(C1=N[C@@H](Cc2ccccc2)CO1)c1ccccn1,Ligand_Box,157,4 20,0,-881.7938527
1158,CC(C)(C)[C@H]1COC([C@@H]2CCCC[C@H]2C2=N[C@@H](C(C)(C)C)CO2)=N1,Ligand_Box,158,23 15,0,-1041.38254
1159,CC(CC1=N[C@H]2c3ccccc3C[C@@H]2O1)(C1=N[C@H]2c3ccccc3C[C@H]2O1)C1=N[C@H]2c3ccccc3C[C@H]2O1,Ligand_Box,159,16 28,0,-1663.278129
1160,c1ccc([C@H]2COC(c3cccc4c3Nc3c(cccc3C3=N[C@@H](c5ccccc5)CO3)CC4)=N2)cc1,Ligand_Box,160,34 14 22,0,-1548.895894
1161,CC(C)(C)[C@@H]1COC(c2ccccc2Nc2ccccc2C2=N[C@H](C(C)(C)C)CO2)=N1,Ligand_Box,161,22 14 30,0,-1323.988245
1162,c1ccc([C@H]2COC(c3ccccc3Nc3ccccc3C3=N[C@@H](c4ccccc4)CO3)=N2)cc1,Ligand_Box,162,32 14 22,0,-1471.560923
1163,c1ccc([C@@H]2N=C(c3cccc4c3oc3c(C5=N[C@@H](c6ccccc6)[C@H](c6ccccc6)O5)cccc34)O[C@H]2c2ccccc2)cc1,Ligand_Box,163,17 13 5,0,-1951.910503
1164,c1ccc(C[C@@H]2COC(c3cccc4c3oc3c(C5=N[C@H](Cc6ccccc6)CO5)cccc34)=N2)cc1,Ligand_Box,164,34 19 15,0,-1568.762289
1165,CC(C)[C@H]1COC(c2cccc3c2oc2c(C4=N[C@@H](C(C)C)CO4)cccc23)=N1,Ligand_Box,165,17 28 13,0,-1264.139226
1166,CC(C)(C)[C@H]1COC(/C=c2\[n-]/c(=C\C3=N[C@@H](C(C)(C)C)CO3)c3ccccc23)=N1,Ligand_Box,166,10 28 14,0,-1246.074571
1167,CC(C)(C)[C@H]1COC(c2cccc(-c3cccc(C4=N[C@@H](C(C)(C)C)CO4)n3)n2)=N1,Ligand_Box,167,27 19 28 29,0,-1300.750937
1168,C(\C1=N[C@H](c2ccccc2)CO1)=c1\o/c(=C\C2=N[C@H](c3ccccc3)CO2)c2ccccc12,Ligand_Box,168,17 2 13,0,-1414.040486
1169,O=C(Nc1ccccc1C1=N[C@@H]2c3ccccc3C[C@@H]2O1)c1ccccc1P(c1ccccc1)c1ccccc1,Ligand_Box,169,2 10,0,-1949.73391
1170,O=C(Nc1cccc(C(F)(F)F)c1C1=N[C@@H]2c3ccccc3C[C@@H]2O1)c1ccccc1P(c1ccccc1)c1ccccc1,Ligand_Box,170,2 14,1,-2286.515962
1171,CC(C)(C)[C@H]1COC(C(Cc2ccccc2)(Cc2ccccc2)C2=N[C@@H](C(C)(C)C)CO2)=N1,Ligand_Box,171,24 32,0,-1386.443314
1172,c1ccc(C[C@@H]2COC(CC3=N[C@H](Cc4ccccc4)CO3)=N2)cc1,Ligand_Box,172,11 22,0,-1072.356973
1173,CC(C)(C)[C@H]1COC(c2cccc(C3=N[C@@H](C(C)(C)C)CO3)n2)=N1,Ligand_Box,173,23 14 22,0,-1053.868619
1174,c1ccc2c(c1)C[C@H]1OC(C3(C4=N[C@H]5c6ccccc6C[C@H]5O4)CCCCC3)=N[C@@H]21,Ligand_Box,174,12 28,0,-1265.120113
1175,c1ccc2c(c1)C[C@H]1OC(CC3=N[C@H]4c5ccccc5C[C@H]4O3)=N[C@@H]21,Ligand_Box,175,12 23,0,-1070.004928
1176,c1ccc(CC(Cc2ccccc2)(C2=N[C@@H]3c4ccccc4C[C@@H]3O2)C2=N[C@@H]3c4ccccc4C[C@@H]3O2)cc1,Ligand_Box,176,26 14,0,-1610.184387
1177,c1ccc([C@H]2COC(CC3=N[C@@H](c4ccccc4)CO3)=N2)cc1,Ligand_Box,177,10 20,0,-993.8362822
1178,c1ccc(C[C@H]2COC(C3(C4=N[C@@H](Cc5ccccc5)CO4)CCCCC3)=N2)cc1,Ligand_Box,178,27 11,0,-1267.472166
1179,c1ccc(C[C@H]2COC(C3(C4=N[C@@H](Cc5ccccc5)CO4)CC3)=N2)cc1,Ligand_Box,179,24 11,0,-1149.663336
1180,c1ccc([C@H]2N=C(CC3=N[C@H](c4ccccc4)[C@H](c4ccccc4)O3)O[C@H]2c2ccccc2)cc1,Ligand_Box,180,9 5,0,-1455.5077
1181,c1ccc([C@H]2OC(c3ccccn3)=N[C@H]2c2ccccc2)cc1,Ligand_Box,181,12 13,0,-955.5810827
1182,CC(C)[C@H]1COC(C2(C3=N[C@@H](C(C)C)CO3)CCCC2)=N1,Ligand_Box,182,9 20,0,-923.5979956
1183,CC(C)[C@@H]1COC(C2=N[C@H](C(C)C)CO2)=N1,Ligand_Box,183,8 15,0,-728.4699348
1184,CC(C)(C)[C@@H]1COC(C2(C3=N[C@H](C(C)(C)C)CO3)CC2)=N1,Ligand_Box,184,10 20,2,-923.5694488
1185,C[C@H]1COC(C(C)(C)C2=N[C@@H](C)CO2)=N1,Ligand_Box,185,9 14,0,-689.222808
1186,C[C@@H]1COC(CC2=N[C@H](C)CO2)=N1,Ligand_Box,186,12 7,0,-610.6988939
1187,c1ccc2c(c1)C[C@H]1OC(c3ccc4ccccc4n3)=N[C@@H]21,Ligand_Box,187,19 20,0,-916.3386498
1188,c1ccc([C@H]2COC(c3ccc4ccccc4n3)=N2)cc1,Ligand_Box,188,17 18,0,-878.2528728
1189,c1ccc([C@H]2N=C(c3ccc4ccccc4n3)O[C@H]2c2ccccc2)cc1,Ligand_Box,189,16 5,0,-1109.087172
1190,CC(C)[C@@H]1COC(c2ccc3ccccc3n2)=N1,Ligand_Box,190,16 17,0,-765.2054016
1191,c1ccc(-c2cccc(C3=N[C@H]4c5ccccc5C[C@H]4O3)n2)nc1,Ligand_Box,191,10 21 22,0,-1009.709879
1192,CC(C)(C)[C@@H]1COC(c2cccc(-c3ccccn3)n2)=N1,Ligand_Box,192,18 19 20,0,-897.839473
1193,c1ccc(-c2cccc(C3=N[C@@H]4c5ccccc5C[C@@H]4O3)n2)cc1,Ligand_Box,193,10 21,0,-993.6729656
1194,CC(C)(C)[C@@H]1COC(c2cccc(-c3ccccn3)n2)=N1,Ligand_Box,194,18 19 20,0,-897.8395764
1195,CC(C)[C@H]1COC(C(C)(Cc2ccccc2)C2=N[C@@H](C(C)C)CO2)=N1,Ligand_Box,195,24 17,0,-1077.094636
1196,CC(Cc1ccccc1)(C1=N[C@H](Cc2ccccc2)CO1)C1=N[C@H](Cc2ccccc2)CO1,Ligand_Box,196,10 22,0,-1381.707279
1197,CC(Cc1ccccc1)(C1=N[C@H]2c3ccccc3C[C@H]2O1)C1=N[C@H]2c3ccccc3C[C@H]2O1,Ligand_Box,197,10 22,0,-1379.360112
1198,C[C@H]1COC(C(Cc2ccc(C(C)(C)C)cc2)(Cc2ccc(C(C)(C)C)cc2)C2=N[C@@H](C)CO2)=N1,Ligand_Box,198,34 29,0,-1464.962808
1199,CC(C)(C)c1ccc(CC(Cc2ccc(C(C)(C)C)cc2)(C2=N[C@H](Cc3ccccc3)CO2)C2=N[C@H](Cc3ccccc3)CO2)cc1,Ligand_Box,199,34 22,0,-1926.618731
1200,CC(C)(C)c1ccc(CC(Cc2ccc(C(C)(C)C)cc2)(C2=N[C@@H]3c4ccccc4C[C@@H]3O2)C2=N[C@@H]3c4ccccc4C[C@@H]3O2)cc1,Ligand_Box,200,34 22,0,-1924.267304
1201,C[C@H]1COC(C(C)(Cc2ccccc2)C2=N[C@@H](C)CO2)=N1,Ligand_Box,201,20 15,0,-920.0497162
1202,FC(F)(F)c1ccc(C2=N[C@@H]3c4ccccc4C[C@@H]3O2)nc1,Ligand_Box,202,9 20,0,-1099.626649
1203,CC(C)(C)[C@@H]1COC(c2nccc3ccccc23)=N1,Ligand_Box,203,9 18,1,-804.4621747
1204,c1ccc2c(c1)C[C@@H]1OC(c3nccc4ccccc34)=N[C@H]21,Ligand_Box,204,11 20,0,-916.3345383
1205,c1ccc([C@H]2COC(c3nccc4ccccc34)=N2)cc1,Ligand_Box,205,9 18,0,-878.2485743
